Product Code,Nombre del Producto,Descripcion,Small Image,Large Image,Catalogo,Precio,SEO friendly URL,In Stock,Custom 1 (Departamento)
102249495,Cerradura para automóvil Yale 49-490-25,Cerradura de seguridad para automóvil 490 de 25 mm de giro a la derecha y con aro,,,/Departamento/Cerraduras/;/Departamento/Cerraduras/Cerraduras para Automóvil/;/Linea/Yale/;,7669.2,Cerradura-para-automóvil-Yale-49-490-25,152
1016013002,"Soldadura Hilco Punto Rojo 6013 3/32 (2,5 mm)","Soldadura para reparacion, mantenimiento y construccion de aceros dulces. ",,,/Departamento/Soldaduras/;/Departamento/Soldaduras/Soldaduras Convencionales/;/Linea/Hilco/;,"3049,70","Soldadura-Hilco-Punto-Rojo-6013-3/32-(2,5-mm)",11210,Metalmecánica
1016013018,"Soldadura Hilco Punto Rojo 6013 1/8 (3,2 mm)","Soldadura para reparacion, mantenimiento y construccion de aceros dulces.",,,/Departamento/Soldaduras/;/Departamento/Soldaduras/Soldaduras Convencionales/;/Linea/Hilco/;,"2933,79","Soldadura-Hilco-Punto-Rojo-6013-1/8-(3,2-mm)",9255,Metalmecánica
1016013052,"Soldadura Hilco Punto Rojo 6013 5/32 (4,0 mm)","Soldadura para reparacion, mantenimiento y construccion de aceros dulces.",,,/Departamento/Soldaduras/;/Departamento/Soldaduras/Soldaduras Convencionales/;/Linea/Hilco/;,"2800,44","Soldadura-Hilco-Punto-Rojo-6013-5/32-(4,0-mm)",145,Metalmecánica
1016013056,"Soldadura Hilco Punto Rojo 6013 5/64 (2,0 mm)","Soldadura para reparacion, mantenimiento y construccion de aceros dulces.",,,/Departamento/Soldaduras/;/Departamento/Soldaduras/Soldaduras Convencionales/;/Linea/Hilco/;,"5728,16","Soldadura-Hilco-Punto-Rojo-6013-5/64-(2,0-mm)",0,Metalmecánica
1016013136,"Soldadura Hilco Punto Rojo 6013 3/16 (5,0 mm)","Soldadura para reparacion, mantenimiento y construccion de aceros dulces.",,,/Departamento/Soldaduras/;/Departamento/Soldaduras/Soldaduras Convencionales/;/Linea/Hilco/;,"2800,44","Soldadura-Hilco-Punto-Rojo-6013-3/16-(5,0-mm)",75,Metalmecánica
1017018002,"Soldadura Hilco Basic Super 7018 3/32 (2,5 mm).",Soldadura para estructuras pesadas que contiene bajo Hidrogeno.  ,,,/Departamento/Soldaduras/;/Departamento/Soldaduras/Soldaduras Convencionales/;/Linea/Hilco/;,"3925,85","Soldadura-Hilco-Basic-Super-7018-3/32-(2,5-mm).",0,Metalmecánica
1017018018,"Soldadura Hilco Basic Super 7018 1/8 (3,2 mm)",Soldadura para estructuras pesadas que contiene bajo Hidrogeno.,,,/Departamento/Soldaduras/;/Departamento/Soldaduras/Soldaduras Convencionales/;/Linea/Hilco/;,"3705,76","Soldadura-Hilco-Basic-Super-7018-1/8-(3,2-mm)",1475,Metalmecánica
1017018052,Soldadura Hilco Basic Super 7018 5/32 (4.0 mm),Soldadura para estructuras pesadas que contiene bajo Hidrogeno.,,,/Departamento/Soldaduras/;/Departamento/Soldaduras/Soldaduras Convencionales/;/Linea/Hilco/;,3705.76,Soldadura-Hilco-Basic-Super-7018-5/32-(4.0-mm),0
1017018316,Soldadura Hilco Basic Super 7018 3/16 (5.0 mm),Soldadura para estructuras pesadas que contiene bajo Hidrogeno.,,,/Departamento/Soldaduras/;/Departamento/Soldaduras/Soldaduras Convencionales/;/Linea/Hilco/;,3229.9,Soldadura-Hilco-Basic-Super-7018-3/16-(5.0-mm),0
1018000001,"Soldadura Hilco Bronce Acetileno 1/16 (1,5 mm) ",Soldadura para uniones de metal o bronce.  ,,,/Departamento/Soldaduras/;/Departamento/Soldaduras/Soldaduras Especiales/;/Linea/Hilco/;,"19574,50","Soldadura-Hilco-Bronce-Acetileno-1/16-(1,5-mm)-",0,Metalmecánica
1018000002,"Soldadura Hilco Bronce Acetileno 3/32 (2,5 mm)",Soldadura para uniones de metal o bronce.,,,/Departamento/Soldaduras/;/Departamento/Soldaduras/Soldaduras Especiales/;/Linea/Hilco/;,"14956,28","Soldadura-Hilco-Bronce-Acetileno-3/32-(2,5-mm)",235,Metalmecánica
1018000018,"Soldadura Hilco Bronce Acetileno 1/8 (3,0 mm)",Soldadura para uniones de metal o bronce.,,,/Departamento/Soldaduras/;/Departamento/Soldaduras/Soldaduras Especiales/;/Linea/Hilco/;,"13086,15","Soldadura-Hilco-Bronce-Acetileno-1/8-(3,0-mm)",320,Metalmecánica
1018000052,"Soldadura Hilco Bronce Acetileno 5/32 (4,0 mm)",Soldadura para uniones de metal o bronce.,,,/Departamento/Soldaduras/;/Departamento/Soldaduras/Soldaduras Especiales/;/Linea/Hilco/;,"14599,38","Soldadura-Hilco-Bronce-Acetileno-5/32-(4,0-mm)",15,Metalmecánica
1018000054,"Soldadura Hilco Bronce Acetileno 5/64 (2,2 mm)",Soldadura para uniones de metal o bronce.,,,/Departamento/Soldaduras/;/Departamento/Soldaduras/Soldaduras Especiales/;/Linea/Hilco/;,"14599,38","Soldadura-Hilco-Bronce-Acetileno-5/64-(2,2-mm)",80,Metalmecánica
1018000056,Soldadura Hilco Bronce Acetileno 3/16 (5.0 MM),Soldadura para uniones de metal o bronce.,,,/Departamento/Soldaduras/;/Departamento/Soldaduras/Soldaduras Especiales/;/Linea/Hilco/;,10706.85,Soldadura-Hilco-Bronce-Acetileno-3/16-(5.0-MM),0
1019000300,Spray Hilco Anti- Spatter  ,Limpiador en spray utilizado como anti adhesivo en boquillas para procesos Mig.  ,,,/Departamento/Soldaduras/;/Departamento/Soldaduras/Máquinas de Soldar y Accesorios/;/Linea/Hilco/;,"3331,02",Spray-Hilco-Anti--Spatter--,97,Metalmecánica
1019000302,Soldadura Hilco Mig  0.60 mm ,Alambre en rollo para soldar acabados finos. ,,,/Departamento/Soldaduras/;/Departamento/Soldaduras/Soldaduras Mig/;/Linea/Hilco/;,"20105,09",Soldadura-Hilco-Mig--0.60-mm-,106,Metalmecánica
1019000303,Soldadura Hilco Mig  0.80 mm,Alambre en rollo para soldar acabados finos.,,,/Departamento/Soldaduras/;/Departamento/Soldaduras/Soldaduras Mig/;/Linea/Hilco/;,"18082,68",Soldadura-Hilco-Mig--0.80-mm,66,Metalmecánica
1019500313,"Soldadura Hilco Niquel Puro 1/8 (3,2 mm)","Soldadura de hierro fundido para la union con acero, cobre y aleaciones de cobre. Ideal para la reparacion de piezas fundidas. ",,,/Departamento/Soldaduras/;/Departamento/Soldaduras/Soldaduras Especiales/;/Linea/Hilco/;,"59601,47","Soldadura-Hilco-Niquel-Puro-1/8-(3,2-mm)",78,Metalmecánica
1019500315,"Soldadura Hilco Nickel Puro 3/32 (2,5 mm)","Soldadura de hierro fundido para la union con acero, cobre y aleaciones de cobre. Ideal para la reparacion de piezas fundidas.",,,/Departamento/Soldaduras/;/Departamento/Soldaduras/Soldaduras Especiales/;/Linea/Hilco/;,"60672,15","Soldadura-Hilco-Nickel-Puro-3/32-(2,5-mm)",30,Metalmecánica
1019500320,"Soldadura Hilco Ferro Nickel 3/32 (2,5 mm) ",Soldadura para reparacion y produccion de hierro fundido. Ideal para piezas de trabajo altamente contaminadas o de espesor grueso. ,,,/Departamento/Soldaduras/;/Departamento/Soldaduras/Soldaduras Especiales/;/Linea/Hilco/;,"43422,23","Soldadura-Hilco-Ferro-Nickel-3/32-(2,5-mm)-",51,Metalmecánica
1019500325,"Soldadura Hilco Ferro Nickel 1/8 (3,2 mm)",Soldadura para reparacion y produccion de hierro fundido. Ideal para piezas de trabajo altamente contaminadas o de espesor grueso.,,,/Departamento/Soldaduras/;/Departamento/Soldaduras/Soldaduras Especiales/;/Linea/Hilco/;,"42827,40","Soldadura-Hilco-Ferro-Nickel-1/8-(3,2-mm)",34,Metalmecánica
1019500335,"Soldadura Hilco Hilchrome 308 3/32 (2,5 mm) ",Soldadura para soldar aceros inoxidables austeniticos. ,,,/Departamento/Soldaduras/;/Departamento/Soldaduras/Soldaduras Especiales/;/Linea/Hilco/;,"14870,63","Soldadura-Hilco-Hilchrome-308-3/32-(2,5-mm)-",3.5,Metalmecánica
1019500340,"Soldadura Hilco Hilchrome 308 1/8 (3,2 mm) ",Soldadura para soldar aceros inoxidables austeniticos.,,,/Departamento/Soldaduras/;/Departamento/Soldaduras/Soldaduras Especiales/;/Linea/Hilco/;,"14275,80","Soldadura-Hilco-Hilchrome-308-1/8-(3,2-mm)-",8,Metalmecánica
1019500345,Soldadura Hilco Hilchrome 308 5/32 (4.0MM),Soldadura para soldar aceros inoxidables austeniticos.,,,/Departamento/Soldaduras/;/Departamento/Soldaduras/Soldaduras Especiales/;/Linea/Hilco/;,14275.8,Soldadura-Hilco-Hilchrome-308-5/32-(4.0MM),0
1019500347,"Soldadura Hilco Hilchrome 312 3/32 (2,5 mm)",Soldadura de acero inoxidable para soldar todo tipo de aceros.  ,,,/Departamento/Soldaduras/;/Departamento/Soldaduras/Soldaduras Especiales/;/Linea/Hilco/;,"21413,70","Soldadura-Hilco-Hilchrome-312-3/32-(2,5-mm)",38.5,Metalmecánica
1019500348,"Soldadura Hilco Hilchrome 312 1/8 (3,2 mm) ",Soldadura de acero inoxidable para soldar todo tipo de aceros.,,,/Departamento/Soldaduras/;/Departamento/Soldaduras/Soldaduras Especiales/;/Linea/Hilco/;,"20224,05","Soldadura-Hilco-Hilchrome-312-1/8-(3,2-mm)-",12.6,Metalmecánica
1019500355,"Soldadura Hilco Hilchrome 316 1/8 (3,2 mm)",Soldadura de acero inoxidable apta para niveles de acido altos donde se requiere alta resistencia a la corrosion. ,,,/Departamento/Soldaduras/;/Departamento/Soldaduras/Soldaduras Especiales/;/Linea/Hilco/;,"14839,69","Soldadura-Hilco-Hilchrome-316-1/8-(3,2-mm)",0,Metalmecánica
1019500360,"Soldadura Hilco Hilchrome 316 5/32 (4,0 mm)",Soldadura de acero inoxidable apta para niveles de acido altos donde se requiere alta resistencia a la corrosion.,,,/Departamento/Soldaduras/;/Departamento/Soldaduras/Soldaduras Especiales/;/Linea/Hilco/;,"12199,86","Soldadura-Hilco-Hilchrome-316-5/32-(4,0-mm)",0,Metalmecánica
1019500363,"Soldadura Hilco Hilchrome 316 3/32 (2,5 mm)",Soldadura de acero inoxidable apta para niveles de acido altos donde se requiere alta resistencia a la corrosion.,,,/Departamento/Soldaduras/;/Departamento/Soldaduras/Soldaduras Especiales/;/Linea/Hilco/;,"12941,0","Soldadura-Hilco-Hilchrome-316-3/32-(2,5-mm)",0,Metalmecánica
1019500370,"Soldadura Hilco Hardmelt 250 3/16 (5,0 mm)",Soldadura para recubrimientos duros.  ,,,/Departamento/Soldaduras/;/Departamento/Soldaduras/Soldaduras Especiales/;/Linea/Hilco/;,"5057,20","Soldadura-Hilco-Hardmelt-250-3/16-(5,0-mm)",26.5,Metalmecánica
1019500365,"Soldadura Hilco Hardmelt 250 5/32 (4,0 mm)",Soldadura para recubrimientos duros.,,,/Departamento/Soldaduras/;/Departamento/Soldaduras/Soldaduras Especiales/;/Linea/Hilco/;,"6305,15","Soldadura-Hilco-Hardmelt-250-5/32-(4,0-mm)",17.3,Metalmecánica
1019500375,Soldadura Hilco Hardmelt 600 1/8 (3.2 MM).,Soldadura para recubrimientos duros sujetos a abrasiones y desgastes de metal - metal. ,,,/Departamento/Soldaduras/;/Departamento/Soldaduras/Soldaduras Especiales/;/Linea/Hilco/;,3745.02,Soldadura-Hilco-Hardmelt-600-1/8-(3.2-MM).,0
1019500380,Soldadura Hilco Hardmelt 600 5/32 (4.0MM),Soldadura para recubrimientos duros sujetos a abrasiones y desgastes de metal - metal.,,,/Departamento/Soldaduras/;/Departamento/Soldaduras/Soldaduras Especiales/;/Linea/Hilco/;,3463.07,Soldadura-Hilco-Hardmelt-600-5/32-(4.0MM),0
1019500383,Soldadura Hilco Hardmelt 638 5/32 (4.0 MM),Soldadura para recubrimientos duros sujetos a abrasiones por esmerilado severo. ,,,/Departamento/Soldaduras/;/Departamento/Soldaduras/Soldaduras Especiales/;/Linea/Hilco/;,10687.82,Soldadura-Hilco-Hardmelt-638-5/32-(4.0-MM),0
1019500384,"Varilla Tig Hilco Hilchrome 316 1/8 (3,2 mm)",Soldadura en varilla Tig de acero inoxidable resistente al acido. ,,,/Departamento/Soldaduras/;/Departamento/Soldaduras/Soldaduras de Varilla Bronce/Tig/;/Linea/Hilco/;,"10998,31","Varilla-Tig-Hilco-Hilchrome-316-1/8-(3,2-mm)",0,Metalmecánica
1019500385,"Varilla Tig Hilco Hilchrome 308 1/16 (1,5 mm).",Soldadura en varilla Tig de acero inoxidable. ,,,/Departamento/Soldaduras/;/Departamento/Soldaduras/Soldaduras de Varilla Bronce/Tig/;/Linea/Hilco/;,"11227,92","Varilla-Tig-Hilco-Hilchrome-308-1/16-(1,5-mm).",0,Metalmecánica
1019500390,"Varilla Tig Hilco Hilchrome 308 3/32 (2,5 mm).",Soldadura en varilla Tig de acero inoxidable.,,,/Departamento/Soldaduras/;/Departamento/Soldaduras/Soldaduras de Varilla Bronce/Tig/;/Linea/Hilco/;,"14257,96","Varilla-Tig-Hilco-Hilchrome-308-3/32-(2,5-mm).",0,Metalmecánica
1019500395,"Varilla Tig Hilco Hilchrome 308 1/8 (3,2 mm).",Soldadura en varilla Tig de acero inoxidable.,,,/Departamento/Soldaduras/;/Departamento/Soldaduras/Soldaduras de Varilla Bronce/Tig/;/Linea/Hilco/;,"12967,19","Varilla-Tig-Hilco-Hilchrome-308-1/8-(3,2-mm).",5,Metalmecánica
1019500401,Varilla Tig Hilco Hilchrome 316 1/16(1.5 mm) ,Soldadura en varilla Tig de acero inoxidable resistente al acido. ,,,/Departamento/Soldaduras/;/Departamento/Soldaduras/Soldaduras de Varilla Bronce/Tig/;/Linea/Hilco/;,"11789,43",Varilla-Tig-Hilco-Hilchrome-316-1/16(1.5-mm)-,0,Metalmecánica
1019500402,Varilla Tig Hilco Hilchrome 316 3/32 (2.5 mm),Soldadura en varilla Tig de acero inoxidable resistente al acido.,,,/Departamento/Soldaduras/;/Departamento/Soldaduras/Soldaduras de Varilla Bronce/Tig/;/Linea/Hilco/;,"11319,52",Varilla-Tig-Hilco-Hilchrome-316-3/32-(2.5-mm),0,Metalmecánica
1019500411,Varilla Hilco Tig Aluminio 3/32 (2.5MM),"Soldadura en varilla Tig para unir, reparar y recubrir aleaciones de aluminio disimiles. ",,,/Departamento/Soldaduras/;/Departamento/Soldaduras/Soldaduras de Varilla Bronce/Tig/;/Linea/Hilco/;,10890.06,Varilla-Hilco-Tig-Aluminio-3/32-(2.5MM),0
1019500412,"Varilla Hilco Tig Aluminio 1/8 (3,2 mm)","Soldadura en varilla Tig para unir, reparar y recubrir aleaciones de aluminio disimiles.",,,/Departamento/Soldaduras/;/Departamento/Soldaduras/Soldaduras de Varilla Bronce/Tig/;/Linea/Hilco/;,"12425,89","Varilla-Hilco-Tig-Aluminio-1/8-(3,2-mm)",63.15,Metalmecánica
1019500415,Varilla Hilco Oxi - Acetileno 1/16 (1.5MM),Soldadura en varilla Tig para uso general de construccion y para unir piezas metalicas finas. ,,,/Departamento/Soldaduras/;/Departamento/Soldaduras/Soldaduras de Varilla Bronce/Tig/;/Linea/Hilco/;,2855.16,Varilla-Hilco-Oxi---Acetileno-1/16-(1.5MM),0
1019500417,Varilla Hilco Oxi - Acetileno 3/2 (2.5MM),Soldadura en varilla Tig para uso general de construccion y para unir piezas metalicas finas.,,,/Departamento/Soldaduras/;/Departamento/Soldaduras/Soldaduras de Varilla Bronce/Tig/;/Linea/Hilco/;,3069.3,Varilla-Hilco-Oxi---Acetileno-3/2-(2.5MM),0
1019500418,Varilla Hilco Oxi - Acetileno 1/8 (3.2 MM),Soldadura en varilla Tig para uso general de construccion y para unir piezas metalicas finas.,,,/Departamento/Soldaduras/;/Departamento/Soldaduras/Soldaduras de Varilla Bronce/Tig/;/Linea/Hilco/;,3618.92,Varilla-Hilco-Oxi---Acetileno-1/8-(3.2-MM),0
1019500419,Varilla Hilco Oxi - Acetileno 5/32 (4.0 MM),Soldadura en varilla Tig para uso general de construccion y para unir piezas metalicas finas.,,,/Departamento/Soldaduras/;/Departamento/Soldaduras/Soldaduras de Varilla Bronce/Tig/;/Linea/Hilco/;,3618.92,Varilla-Hilco-Oxi---Acetileno-5/32-(4.0-MM),0
1019500425,"Soldadura Hilco Aluminio con Fundente 1/8 (3,2 mm)",Soldadura para reparacion y recubrimiento de aleasiones de aluminio. Uso industrial. ,,,/Departamento/Soldaduras/;/Departamento/Soldaduras/Soldaduras Especiales/;/Linea/Hilco/;,"37117,08","Soldadura-Hilco-Aluminio-con-Fundente-1/8-(3,2-mm)",4,Metalmecánica
1019500427,"Varilla Hilco Bronce Revestido 1/8 (2,5 mm) ","Soldadura en varilla con revestimiento fundente para unir y recubrir acero, bronce, hierro fundido, cobre y niquel. ",,,/Departamento/Soldaduras/;/Departamento/Soldaduras/Soldaduras de Varilla Bronce/Tig/;/Linea/Hilco/;,"19986,12","Varilla-Hilco-Bronce-Revestido-1/8-(2,5-mm)-",30,Metalmecánica
1019500429,"Soldadura Hilco Aluminil 3/32 (2,5 mm)",Soldadura para reparacion y recubrimiento de aleasiones de aluminio. Uso industrial. ,,,/Departamento/Soldaduras/;/Departamento/Soldaduras/Soldaduras Especiales/;/Linea/Hilco/;,"21175,77","Soldadura-Hilco-Aluminil-3/32-(2,5-mm)",24,Metalmecánica
1019500430,"Soldadura Hilco Aluminil 1/8 (3,2 mm)",Soldadura para reparacion y recubrimiento de aleasiones de aluminio. Uso industrial.,,,/Departamento/Soldaduras/;/Departamento/Soldaduras/Soldaduras Especiales/;/Linea/Hilco/;,"19391,30","Soldadura-Hilco-Aluminil-1/8-(3,2-mm)",66,Metalmecánica
1019500435,Soldadura Hilco Cutil 1/8 (3.2 MM).,Soldadura especializada para cortar y atravezar metales de todo tipo. ,,,/Departamento/Soldaduras/;/Departamento/Soldaduras/Soldaduras Especiales/;/Linea/Hilco/;,6673.94,Soldadura-Hilco-Cutil-1/8-(3.2-MM).,0
1019500440,Soldadura Hilco Pipeweld 6010 1/8 (3.2MM). ,Soldadura con revestimiento celulosico especializada para la union de aceros al carbon.,,,/Departamento/Soldaduras/;/Departamento/Soldaduras/Soldaduras Especiales/;/Linea/Hilco/;,3507.09,Soldadura-Hilco-Pipeweld-6010-1/8-(3.2MM).-,0
1019800160,Maquina de Soldar Hilco 160,Maquina de soldar con tecnologia de inversores. Reconoce coneccion electrica tanto para 110 como 220 automaticamente. Con capacidad de 160 Amp y pesa solo 4.8 Kg. Incluye pinza de tierra y porta electrodo. ,,,/Departamento/Soldaduras/;/Departamento/Soldaduras/Máquinas de Soldar y Accesorios/;/Linea/Hilco/;,574560,Maquina-de-Soldar-Hilco-160,55,Metalmecánica
1019800170,Set de antorcha y boquilla Tig para maquina Hilco 160.,Set de antorcha y boquilla para proceso Tig. ,,,/Departamento/Soldaduras/;/Departamento/Soldaduras/Máquinas de Soldar y Accesorios/;/Linea/Hilco/;,106722,Set-de-antorcha-y-boquilla-Tig-para-maquina-Hilco-160.,14,Metalmecánica
1019800180,Maletines para maquina de soldar Hilco 160,Maletin protector para maquina de soldar Hilco 160 ,,,/Departamento/Soldaduras/;/Departamento/Soldaduras/Máquinas de Soldar y Accesorios/;/Linea/Hilco/;,17640,Maletines-para-maquina-de-soldar-Hilco-160,40,Metalmecánica
1021005100,"Llave de chorro p.v.c blanca 1/2""",Llave plastica para regular el paso de agua. ,,,/Departamento/Grifería y Accesorios/;/Departamento/Grifería y Accesorios/Llaves/;/Linea/Coflex/;,"441,21","Llave-de-chorro-p.v.c-blanca-1/2""",0,Ferretería
1021005102,"Llave de paso p.v.c. blanca 1/2""","Llave para dar paso y cortar el flujo de agua, plastica, color blanco. ",,,/Departamento/Grifería y Accesorios/;/Departamento/Grifería y Accesorios/Llaves/;/Linea/Coflex/;,"353,43","Llave-de-paso-p.v.c.-blanca-1/2""",0,Ferretería
1021005103,"Llave de paso p.v.c. blanca 3/4""","Llave para dar paso y cortar el flujo de agua, plastica, color blanco.",,,/Departamento/Grifería y Accesorios/;/Departamento/Grifería y Accesorios/Llaves/;/Linea/Coflex/;,535.92,"Llave-de-paso-p.v.c.-blanca-3/4""",0
1021005150,Llave de chorro cierre rapido 1/2 ,Llave de laton para regular el paso de agua con cierre rapido. ,,,/Departamento/Grifería y Accesorios/;/Departamento/Grifería y Accesorios/Llaves/;/Linea/Coflex/;,"1790,25",Llave-de-chorro-cierre-rapido-1/2-,480,Ferretería
1021005200,Llave de chorro con rosca liviana de 1/2 ,Llave de laton para regular el paso de agua con rosca liviana. ,,,/Departamento/Grifería y Accesorios/;/Departamento/Grifería y Accesorios/Llaves/;/Linea/Coflex/;,"1299,38",Llave-de-chorro-con-rosca-liviana-de-1/2-,337,Ferretería
1021005220,Llave de chorro con rosca pesada. ,Llave de laton para regular el paso de agua con rosca pesada.,,,/Departamento/Grifería y Accesorios/;/Departamento/Grifería y Accesorios/Llaves/;/Linea/Coflex/;,2310,Llave-de-chorro-con-rosca-pesada.-,110,Ferretería
1021005250,Llave de chorro con rosca liviana cromada de 1/2 ¨,Llave de laton para regular el paso de agua con rosca liviana cromada. ,,,/Departamento/Grifería y Accesorios/;/Departamento/Grifería y Accesorios/Llaves/;/Linea/Coflex/;,"873,18",Llave-de-chorro-con-rosca-liviana-cromada-de-1/2-¨,0,Ferretería
1021005300,"Llave de paso bola de 1/2"" ",Llave para regular el paso de agua. ,,,/Departamento/Grifería y Accesorios/;/Departamento/Grifería y Accesorios/Llaves/;/Linea/Coflex/;,"1487,64","Llave-de-paso-bola-de-1/2""-",0,Ferretería
1021007100,Llave de empotrar cromada con asiento.,Llave para empotrar en pared cromada con asiento.,,,/Departamento/Grifería y Accesorios/;/Departamento/Grifería y Accesorios/Llaves/;/Linea/Coflex/;,"4719,33",Llave-de-empotrar-cromada-con-asiento.,89,Ferretería
1021007110,Ducha con braso.,Ducha para baño con braso. ,,,/Departamento/Grifería y Accesorios/;/Departamento/Grifería y Accesorios/Cacheras/;/Linea/Coflex/;,462,Ducha-con-braso.,0,Ferretería
1021007120,Llave de empotrar cromada con asiento pesada. ,Llave para empotrar en pared cromada con asiento pesada.,,,/Departamento/Grifería y Accesorios/;/Departamento/Cacheras/;/Linea/Coflex/;,"5229,84",Llave-de-empotrar-cromada-con-asiento-pesada.-,213,Ferretería
1021007150,Llave sencilla para lavatorio acrilica. ,Llave acrilica con llave para fregadero o lavatorio sencillo. ,,,/Departamento/Grifería y Accesorios/;/Departamento/Grifería y Accesorios/Llaves/;/Linea/Coflex/;,"2344,65",Llave-sencilla-para-lavatorio-acrilica.-,0,Ferretería
1021007200,Llave sencilla para lavatorio cromada. ,Llave acrilica con llave para fregadero o lavatorio cromado sencillo.,,,/Departamento/Grifería y Accesorios/;/Departamento/Grifería y Accesorios/Llaves/;/Linea/Coflex/;,"3306,77",Llave-sencilla-para-lavatorio-cromada.-,0,Ferretería
1021007250,Cachera doble para lavatorio cromada. ,Grifo con llave para fregadero o lavatorio cromado doble. ,,,/Departamento/Grifería y Accesorios/;/Departamento/Grifería y Accesorios/Cacheras/;/Linea/Coflex/;,"9690,45",Cachera-doble-para-lavatorio-cromada.-,22,Ferretería
1021007300,Cachera doble para lavatorio cromada con manija.,Grifo con llave para fregadero o lavatorio cromado doble con manija.,,,/Departamento/Grifería y Accesorios/;/Departamento/Grifería y Accesorios/Cacheras/;/Linea/Coflex/;,"5428,50",Cachera-doble-para-lavatorio-cromada-con-manija.,0,Ferretería
1021007350,Cachera para fregadero cuello de ganzo con asiento. ,Grifo con llave para fregadero o lavatorio cuello de ganzo con asiento.,,,/Departamento/Grifería y Accesorios/;/Departamento/Grifería y Accesorios/Cacheras/;/Linea/Coflex/;,"9332,40",Cachera-para-fregadero-cuello-de-ganzo-con-asiento.-,158,Ferretería
1021007396,Cachera para fregadero cuello de ganzo de lujo.,Grifo con llave para fregadero o lavatorio cuello de ganzo de lujo.,,,/Departamento/Grifería y Accesorios/;/Departamento/Grifería y Accesorios/Cacheras/;/Linea/Coflex/;,"15130,50",Cachera-para-fregadero-cuello-de-ganzo-de-lujo.,215,Ferretería
1021008100,Desague para baño cromado de 1/2 ¨,Desague para fregadero y baño cromado. ,,,/Departamento/Grifería y Accesorios/;/Departamento/Grifería y Accesorios/Desagües/;/Linea/Coflex/;,"594,83",Desague-para-baño-cromado-de-1/2-¨,129,Ferretería
1021008150,"Desague para baño acrilico de 2"" ",Desague para fregadero y baño acrilico.,,,/Departamento/Grifería y Accesorios/;/Departamento/Grifería y Accesorios/Desagües/;/Linea/Coflex/;,"594,83","Desague-para-baño-acrilico-de-2""-",120,Ferretería
1021008200,Desague para fregadero de 4 1/2 ¨ ,Desague para fregadero y baño.,,,/Departamento/Grifería y Accesorios/;/Departamento/Grifería y Accesorios/Desagües/;/Linea/Coflex/;,"1645,88",Desague-para-fregadero-de-4-1/2-¨-,0,Ferretería
1021008202,"Desague plastico con cola para fregadero de 4 1/2""",Desague para fregadero y baño plastico con cola. ,,,/Departamento/Grifería y Accesorios/;/Departamento/Grifería y Accesorios/Desagües/;/Linea/Coflex/;,"921,69","Desague-plastico-con-cola-para-fregadero-de-4-1/2""",133,Ferretería
1021009100,Llave de control recta cromada de 1/2 X 3/8 liviana.,Llave o valvula de laton para regular el paso de agua recta cromada. ,,,/Departamento/Grifería y Accesorios/;/Departamento/Grifería y Accesorios/Llaves/;/Linea/Coflex/;,"709,17",Llave-de-control-recta-cromada-de-1/2-X-3/8-liviana.,24,Ferretería
1021009250,Llave de control angular cromada de 1/2 X 1/2 liviana. ,Llave o valvula de laton para regular el paso de agua angular cromada.,,,/Departamento/Grifería y Accesorios/;/Departamento/Grifería y Accesorios/Llaves/;/Linea/Coflex/;,"724,19",Llave-de-control-angular-cromada-de-1/2-X-1/2-liviana.-,350,Ferretería
1021010100,Set de accesorios para baño de lujo. ,Set de accesorios de lujo para baño cromado de 6 piezas. ,,,/Departamento/Grifería y Accesorios/;/Departamento/Grifería y Accesorios/Set de Accesorios para Baño/;/Linea/Coflex/;,18480,Set-de-accesorios-para-baño-de-lujo.-,40,Ferretería
1021010150,Set de accesorios para baño cromado.,Set de accesorios para baño cromado de 6 piezas.,,,/Departamento/Grifería y Accesorios/;/Departamento/Grifería y Accesorios/Set de Accesorios para Baño/;/Linea/Coflex/;,"15130,50",Set-de-accesorios-para-baño-cromado.,19,Ferretería
1021010200,Set de accesorios para baño. ,Set de accesorios para baño de 5 piezas.,,,/Departamento/Grifería y Accesorios/;/Departamento/Grifería y Accesorios/Set de Accesorios para Baño/;/Linea/Coflex/;,"4069,06",Set-de-accesorios-para-baño.-,177,Ferretería
1021010250,Set de accesorios para baño cromado.,Set de accesorios para baño de 5 piezas cromado.,,,/Departamento/Grifería y Accesorios/;/Departamento/Grifería y Accesorios/Set de Accesorios para Baño/;/Linea/Coflex/;,"6439,13",Set-de-accesorios-para-baño-cromado.,79,Ferretería
1121001240,Tubo de abasto Coflex para lavatorio de acero de 1/2 X 1/2 X 40 cm.,"Conector flexible para agua en 1/2"" x 1/2"" x 40 cm. Trenzado en acero inoxidable, manguera interior en hule EPDM, espiga en cobre. Temperatura de trabajo 0ºC / 65ºC, presión de trabajo 8.8 kg/cm2   125 psi",,,/Departamento/Grifería y Accesorios/;/Departamento/Grifería y Accesorios/Tubos de Abasto/;/Linea/Coflex-Plomer/;,"1484,18",Tubo-de-abasto-Coflex-para-lavatorio-de-acero-de-1/2-X-1/2-X-40-cm.,1180,Ferretería
1121001255,Tubo de abasto Coflex para lavatorio de acero de 1/2 X 1/2 X 55 cm,"Conector flexible para agua en 1/2"" x 1/2"" x 55 cm. Trenzado en acero inoxidable, manguera interior en hule EPDM, espiga en cobre. Temperatura de trabajo 0ºC / 65ºC, presión de trabajo 8.8 kg/cm2   125 psi",,,/Departamento/Grifería y Accesorios/;/Departamento/Grifería y Accesorios/Tubos de Abasto/;/Linea/Coflex-Plomer/;,"1716,33",Tubo-de-abasto-Coflex-para-lavatorio-de-acero-de-1/2-X-1/2-X-55-cm,189,Ferretería
1121003840,Tubo de abasto Coflex para lavatorio de acero de 3/8 X 1/2 X 40 cm,"Conector flexible para agua en 3/8"" x 1/2"" x 40 cm. Trenzado en acero inoxidable, manguera interior en hule EPDM, espiga en cobre. Temperatura de trabajo 0ºC / 65ºC, presión de trabajo 8.8 kg/cm2   125 psi",,,/Departamento/Grifería y Accesorios/;/Departamento/Grifería y Accesorios/Tubos de Abasto/;/Linea/Coflex-Plomer/;,"1397,55",Tubo-de-abasto-Coflex-para-lavatorio-de-acero-de-3/8-X-1/2-X-40-cm,0,Ferretería
1121003855,Tubo de abasto Coflex para lavatorio de acero de 3/8 X 1/2 X 55 cm.,"Conector flexible para agua en 3/8"" x 1/2"" x 55 cm. Trenzado en acero inoxidable, manguera interior en hule EPDM, espiga en cobre. Temperatura de trabajo 0ºC / 65ºC, presión de trabajo 8.8 kg/cm2   125 psi",,,/Departamento/Grifería y Accesorios/;/Departamento/Grifería y Accesorios/Tubos de Abasto/;/Linea/Coflex-Plomer/;,"1501,50",Tubo-de-abasto-Coflex-para-lavatorio-de-acero-de-3/8-X-1/2-X-55-cm.,0,Ferretería
1121101255,Tubo de abasto Coflex para lavatorio de acero tipo T de 1/2 X 1/2 X 55 cm.,"Conector flexible para suministrar agua de una sola línea a las dos llaves de la mezcladora en 1/2"" x 1/2"" x 55 cm. Trenzado en acero inoxidable, manguera interior en hule EPDM, espiga en cobre. Temperatura de trabajo 0ºC / 65ºC, presión de trabajo 8.8 kg/cm2   125 psi",,,/Departamento/Grifería y Accesorios/;/Departamento/Grifería y Accesorios/Tubos de Abasto/;/Linea/Coflex-Plomer/;,"3704,09",Tubo-de-abasto-Coflex-para-lavatorio-de-acero-tipo-T-de-1/2-X-1/2-X-55-cm.,729,Ferretería
1121103855,Tubo de abasto Coflex para lavatorio de acero tipo T de 3/8 X 1/2 X 55 cm.,"Conector flexible para suministrar agua de una sola línea a las dos llaves de la mezcladora en 3/8"" x 1/2"" x 55 cm. Trenzado en acero inoxidable, manguera interior en hule EPDM, espiga en cobre. Temperatura de trabajo 0ºC / 65ºC, presión de trabajo 8.8 kg/cm2   125 psi",,,/Departamento/Grifería y Accesorios/;/Departamento/Grifería y Accesorios/Tubos de Abasto/;/Linea/Coflex-Plomer/;,"3023,79",Tubo-de-abasto-Coflex-para-lavatorio-de-acero-tipo-T-de-3/8-X-1/2-X-55-cm.,1113,Ferretería
1122001240,Tubo de abasto Coflex para inodoro de acero de 1/2 X 7/8 X 40 cm.,"Conector flexible para agua en 1/2"" x 7/8"" x 40 cm. Trenzado en acero inoxidable, manguera interior en hule EPDM, espiga en cobre. Temperatura de trabajo 0ºC / 65ºC, presión de trabajo 8.8 kg/cm2   125 psi",,,/Departamento/Grifería y Accesorios/;/Departamento/Grifería y Accesorios/Tubos de Abasto/;/Linea/Coflex-Plomer/;,"1501,50",Tubo-de-abasto-Coflex-para-inodoro-de-acero-de-1/2-X-7/8-X-40-cm.,337,Ferretería
1122003840,Tubo de abasto Coflex para inodoro de acero de 3/8 X 7/8 X 40 cm,"Conector flexible para agua en 3/8"" x 7/8"" x 40 cm. Trenzado en acero inoxidable, manguera interior en hule EPDM, espiga en cobre. Temperatura de trabajo 0ºC / 65ºC, presión de trabajo 8.8 kg/cm2   125 psi",,,/Departamento/Grifería y Accesorios/;/Departamento/Grifería y Accesorios/Tubos de Abasto/;/Linea/Coflex-Plomer/;,"1189,65",Tubo-de-abasto-Coflex-para-inodoro-de-acero-de-3/8-X-7/8-X-40-cm,26,Ferretería
1123012120,Llave de control Plomer angular de 1/2 X 1/2,"Llave de control angular para agua, tradicional para tubo roscado. Medidas 1/2"" x 1/2""",,,/Departamento/Grifería y Accesorios/;/Departamento/Grifería y Accesorios/Llaves/;/Linea/Coflex-Plomer/;,"2425,50",Llave-de-control-Plomer-angular-de-1/2-X-1/2,0,Ferretería
1123012121,Llave de control Plomer cierre rapido angular de 1/2 X 1/2 ,"Llave de control angular para agua, cierre rápido para tubo roscado. Medidas 1/2"" x 1/2""",,,/Departamento/Grifería y Accesorios/;/Departamento/Grifería y Accesorios/Llaves/;/Linea/Coflex-Plomer/;,"2425,50",Llave-de-control-Plomer-cierre-rapido-angular-de-1/2-X-1/2-,0,Ferretería
1123012130,Llave de control Plomer angular de 1/2 X 3/8,"Llave de control angular para agua, tradicional para tubo roscado. Medidas 1/2"" x 3/8""",,,/Departamento/Grifería y Accesorios/;/Departamento/Grifería y Accesorios/Llaves/;/Linea/Coflex-Plomer/;,"2656,50",Llave-de-control-Plomer-angular-de-1/2-X-3/8,41,Ferretería
1123012220,Llave de control Plomer recta de 1/2 X 1/2,"Llave de control recta para agua, tradicional para tubo roscado. Medidas 1/2"" x 1/2""",,,/Departamento/Grifería y Accesorios/;/Departamento/Grifería y Accesorios/Llaves/;/Linea/Coflex-Plomer/;,3234,Llave-de-control-Plomer-recta-de-1/2-X-1/2,0,Ferretería
1123012221,Llave de control Plomer cierre rapido recta de 1/2 X 1/2  ,"Llave de control recta para agua, cierre rápido para tubo roscado. Medidas 1/2"" x 1/2""",,,/Departamento/Grifería y Accesorios/;/Departamento/Grifería y Accesorios/Llaves/;/Linea/Coflex-Plomer/;,"2800,88",Llave-de-control-Plomer-cierre-rapido-recta-de-1/2-X-1/2--,0,Ferretería
1124000200,Empaque de cera Plomer para inodoro  ,Empaque de cera para evitar las filtraciones de los sanitarios,,,/Departamento/Grifería y Accesorios/;/Departamento/Grifería y Accesorios/Accesorios para inodoro/;/Linea/Coflex-Plomer/;,"485,10",Empaque-de-cera-Plomer-para-inodoro--,223,Ferretería
1124000225,Pera de descarga Plomer para inodoro. ,Pera de descarga para sanitarios,,,/Departamento/Grifería y Accesorios/;/Departamento/Grifería y Accesorios/Accesorios para inodoro/;/Linea/Coflex-Plomer/;,924,Pera-de-descarga-Plomer-para-inodoro.-,0,Ferretería
1124000250,Valvula de llenado Plomer para inodoro. ,Válvula para llenado de inodoros.,,,/Departamento/Grifería y Accesorios/;/Departamento/Grifería y Accesorios/Accesorios para inodoro/;/Linea/Coflex-Plomer/;,3234,Valvula-de-llenado-Plomer-para-inodoro.-,760,Ferretería
1124000300,Brida Coflex para sanitario flexible corto,"Acople para drenaje sanitario, para instalaciones permanentes de líneas de drenaje sanitario, para tubería PVC, hierro fundido o barro, se adapta a tuberías ovaladas.",,,/Departamento/Grifería y Accesorios/;/Departamento/Grifería y Accesorios/Accesorios para inodoro/;/Linea/Coflex-Plomer/;,2310,Brida-Coflex-para-sanitario-flexible-corto,22,Ferretería
1124000305,Brida Coflex para sanitario flexible largo,"Acople para drenaje sanitario, para instalaciones permanentes de líneas de drenaje sanitario, para tubería PVC, hierro fundido o barro, se adapta a tuberías ovaladas.",,,/Departamento/Grifería y Accesorios/;/Departamento/Grifería y Accesorios/Accesorios para inodoro/;/Linea/Coflex-Plomer/;,"2887,50",Brida-Coflex-para-sanitario-flexible-largo,123,Ferretería
1126003434,Valvula de alivio Coflex para tanque de agua caliente de  3/4,Válvula de alivio de presión para calentadores. Alivio de presión 150 psi,,,/Departamento/Grifería y Accesorios/;/Departamento/Grifería y Accesorios/Accesorios para inodoro/;/Linea/Coflex-Plomer/;,5313,Valvula-de-alivio-Coflex-para-tanque-de-agua-caliente-de--3/4,20,Ferretería
1201000060,Cable Electrico Condusal THHN # 6 en 100 Mts blanco. ,"Para alumbrado residencial, comercial y fuerza motriz industrial, a un voltaje de operación máximo de 600 Voltios corriente alterna amperaje máximo 75 amps",,,/Departamento/Cable Electrico/;/Departamento/Cable Eléctrico/Cable THHN 100/;/Lineas/Condusal/;,1145.76,Cable-Electrico-Condusal-THHN-#-6-en-100-Mts-blanco.-,5635,Eléctrico
1201000062,Cable Electrico Condusal THHN # 6 en 100 Mts rojo.,"Para alumbrado residencial, comercial y fuerza motriz industrial, a un voltaje de operación máximo de 600 Voltios corriente alterna amperaje máximo 75 amps",,,/Departamento/Cable Electrico/;/Departamento/Cable Eléctrico/Cable THHN 100/;/Lineas/Condusal/;,1145.76,Cable-Electrico-Condusal-THHN-#-6-en-100-Mts-rojo.,5500
1201000064,Cable Electrico Condusal THHN # 6 en 100 Mts negro. ,"Para alumbrado residencial, comercial y fuerza motriz industrial, a un voltaje de operación máximo de 600 Voltios corriente alterna amperaje máximo 75 amps",,,/Departamento/Cable Electrico/;/Departamento/Cable Eléctrico/Cable THHN 100/;/Lineas/Condusal/;,1145.76,Cable-Electrico-Condusal-THHN-#-6-en-100-Mts-negro.-,6700,Eléctrico
1201000066,Cable Electrico Condusal THHN # 6 en 100 Mts verde.,"Para alumbrado residencial, comercial y fuerza motriz industrial, a un voltaje de operación maximo de 600 Voltios corriente alterna amperaje maximo 75 amps",,,/Departamento/Cable Electrico/;/Departamento/Cable Eléctrico/Cable THHN 100/;/Lineas/Condusal/;,1145.76,Cable-Electrico-Condusal-THHN-#-6-en-100-Mts-verde.,7122,Eléctrico
1201000068,Cable Electrico Condusal THHN # 6 en 100 Mts azul.,"Para alumbrado residencial, comercial y fuerza motriz industrial, a un voltaje de operación máximo de 600 Voltios corriente alterna amperaje máximo 75 amps",,,/Departamento/Cable Electrico/;/Departamento/Cable Eléctrico/Cable THHN 100/;/Lineas/Condusal/;,1145.76,Cable-Electrico-Condusal-THHN-#-6-en-100-Mts-azul.,0,Eléctrico
1201000080,Cable Electrico Condusal THHN # 8 en 100 Mts blanco.,"Para alumbrado residencial, comercial y fuerza motriz industrial, a un voltaje de operación máximo de 600 Voltios corriente alterna amperaje máximo 55 amps",,,/Departamento/Cable Electrico/;/Departamento/Cable Eléctrico/Cable THHN 100/;/Lineas/Condusal/;,753.06,Cable-Electrico-Condusal-THHN-#-8-en-100-Mts-blanco.,4800,Eléctrico
1201000082,Cable Electrico Condusal THHN # 8 en 100 Mts rojo.,"Para alumbrado residencial, comercial y fuerza motriz industrial, a un voltaje de operación máximo de 600 Voltios corriente alterna amperaje máximo 55 amps",,,/Departamento/Cable Electrico/;/Departamento/Cable Eléctrico/Cable THHN 100/;/Lineas/Condusal/;,753.06,Cable-Electrico-Condusal-THHN-#-8-en-100-Mts-rojo.,3550,Eléctrico
1201000084,Cable Electrico Condusal THHN # 8 en 100 Mts negro. ,"Para alumbrado residencial, comercial y fuerza motriz industrial, a un voltaje de operación máximo de 600 Voltios corriente alterna amperaje máximo 55 amps",,,/Departamento/Cable Electrico/;/Departamento/Cable Eléctrico/Cable THHN 100/;/Lineas/Condusal/;,1145.76,Cable-Electrico-Condusal-THHN-#-8-en-100-Mts-negro.-,4050,Eléctrico
1201000086,Cable Electrico Condusal THHN  # 8 en 100 Mts verde.,"Para alumbrado residencial, comercial y fuerza motriz industrial, a un voltaje de operación máximo de 600 Voltios corriente alterna amperaje máximo 55 amps",,,/Departamento/Cable Electrico/;/Departamento/Cable Eléctrico/Cable THHN 100/;/Lineas/Condusal/;,1145.76,Cable-Electrico-Condusal-THHN--#-8-en-100-Mts-verde.,3750,Eléctrico
1201000088,Cable Electrico Condusal THHN # 8 en 100 Mts azul.,"Para alumbrado residencial, comercial y fuerza motriz industrial, a un voltaje de operación máximo de 600 Voltios corriente alterna amperaje máximo 55 amps",,,/Departamento/Cable Electrico/;/Departamento/Cable Eléctrico/Cable THHN 100/;/Lineas/Condusal/;,1145.76,Cable-Electrico-Condusal-THHN-#-8-en-100-Mts-azul.,1400,Eléctrico
1201000100,Cable Electrico Condusal THHN # 10 en 100 Mts blanco.,"Para alumbrado residencial, comercial y fuerza motriz industrial, a un voltaje de operación máximo de 600 Voltios corriente alterna amperaje máximo 40 amps",,,/Departamento/Cable Electrico/;/Departamento/Cable Eléctrico/Cable THHN 100/;/Lineas/Condusal/;,457.38,Cable-Electrico-Condusal-THHN-#-10-en-100-Mts-blanco.,13600,Eléctrico
1201000102,Cable Electrico Condusal THHN # 10 en 100 Mts rojo.,"Para alumbrado residencial, comercial y fuerza motriz industrial, a un voltaje de operación máximo de 600 Voltios corriente alterna amperaje máximo 40 amps",,,/Departamento/Cable Electrico/;/Departamento/Cable Eléctrico/Cable THHN 100/;/Lineas/Condusal/;,457.38,Cable-Electrico-Condusal-THHN-#-10-en-100-Mts-rojo.,9300,Eléctrico
1201000104,Cable Electrico Condusal THHN # 10 en 100 Mts negro. ,"Para alumbrado residencial, comercial y fuerza motriz industrial, a un voltaje de operación máximo de 600 Voltios corriente alterna amperaje máximo 40 amps",,,/Departamento/Cable Electrico/;/Departamento/Cable Eléctrico/Cable THHN 100/;/Lineas/Condusal/;,457.38,Cable-Electrico-Condusal-THHN-#-10-en-100-Mts-negro.-,10850,Eléctrico
1201000106,Cable Electrico Condusal THHN # 10 en 100 Mts verde.,"Para alumbrado residencial, comercial y fuerza motriz industrial, a un voltaje de operación máximo de 600 Voltios corriente alterna amperaje máximo 40 amps",,,/Departamento/Cable Electrico/;/Departamento/Cable Eléctrico/Cable THHN 100/;/Lineas/Condusal/;,457.38,Cable-Electrico-Condusal-THHN-#-10-en-100-Mts-verde.,11200,Eléctrico
1201000108,Cable Electrico Condusal THHN # 10 en 100 Mts azul.,"Para alumbrado residencial, comercial y fuerza motriz industrial, a un voltaje de operación máximo de 600 Voltios corriente alterna amperaje máximo 40 amps",,,/Departamento/Cable Electrico/;/Departamento/Cable Eléctrico/Cable THHN 100/;/Lineas/Condusal/;,457.38,Cable-Electrico-Condusal-THHN-#-10-en-100-Mts-azul.,0,Eléctrico
1201000120,Cable Electrico Condusal THHN # 12 en 100 Mts blanco.,"Para alumbrado residencial, comercial y fuerza motriz industrial, a un voltaje de operación máximo de 600 Voltios corriente alterna amperaje máximo 30 amps",,,/Departamento/Cable Electrico/;/Departamento/Cable Eléctrico/Cable THHN 100/;/Lineas/Condusal/;,291.09,Cable-Electrico-Condusal-THHN-#-12-en-100-Mts-blanco.,58500,Eléctrico
1201000122,Cable Electrico Condusal THHN # 12 en 100 Mts rojo.,"Para alumbrado residencial, comercial y fuerza motriz industrial, a un voltaje de operación máximo de 600 Voltios corriente alterna amperaje máximo 30 amps",,,/Departamento/Cable Electrico/;/Departamento/Cable Eléctrico/Cable THHN 100/;/Lineas/Condusal/;,291.09,Cable-Electrico-Condusal-THHN-#-12-en-100-Mts-rojo.,37300,Eléctrico
1201000124,Cable Electrico Condusal THHN # 12 en 100 Mts negro. ,"Para alumbrado residencial, comercial y fuerza motriz industrial, a un voltaje de operación máximo de 600 Voltios corriente alterna amperaje máximo 30 amps",,,/Departamento/Cable Electrico/;/Departamento/Cable Eléctrico/Cable THHN 100/;/Lineas/Condusal/;,291.09,Cable-Electrico-Condusal-THHN-#-12-en-100-Mts-negro.-,40100,Eléctrico
1201000126,Cable Electrico Condusal THHN # 12 en 100 Mts verde.,"Para alumbrado residencial, comercial y fuerza motriz industrial, a un voltaje de operación máximo de 600 Voltios corriente alterna amperaje máximo 30 amps",,,/Departamento/Cable Electrico/;/Departamento/Cable Eléctrico/Cable THHN 100/;/Lineas/Condusal/;,291.09,Cable-Electrico-Condusal-THHN-#-12-en-100-Mts-verde.,19500,Eléctrico
1201000128,Cable Electrico Condusal THHN # 12 en 100 Mts azul.,"Para alumbrado residencial, comercial y fuerza motriz industrial, a un voltaje de operación máximo de 600 Voltios corriente alterna amperaje máximo 30 amps",,,/Departamento/Cable Electrico/;/Departamento/Cable Eléctrico/Cable THHN 100/;/Lineas/Condusal/;,291.09,Cable-Electrico-Condusal-THHN-#-12-en-100-Mts-azul.,23200,Eléctrico
1201000140,Cable Electrico Condusal THHN # 14 en 100 Mts blanco.,"Para alumbrado residencial, comercial y fuerza motriz industrial, a un voltaje de operación máximo de 600 Voltios corriente alterna amperaje máximo 25 amps",,,/Departamento/Cable Electrico/;/Departamento/Cable Eléctrico/Cable THHN 100/;/Lineas/Condusal/;,92.41,Cable-Electrico-Condusal-THHN-#-14-en-100-Mts-blanco.,0,Eléctrico
1201000142,Cable Electrico Condusal THHN # 14 en 100 Mts rojo.,"Para alumbrado residencial, comercial y fuerza motriz industrial, a un voltaje de operación máximo de 600 Voltios corriente alterna amperaje máximo 25 amps",,,/Departamento/Cable Electrico/;/Departamento/Cable Eléctrico/Cable THHN 100/;/Lineas/Condusal/;,92.41,Cable-Electrico-Condusal-THHN-#-14-en-100-Mts-rojo.,0,Eléctrico
1201000144,Cable Electrico Condusal THHN # 14 en 100 Mts negro. ,"Para alumbrado residencial, comercial y fuerza motriz industrial, a un voltaje de operación máximo de 600 Voltios corriente alterna amperaje máximo 25 amps",,,/Departamento/Cable Electrico/;/Departamento/Cable Eléctrico/Cable THHN 100/;/Lineas/Condusal/;,92.41,Cable-Electrico-Condusal-THHN-#-14-en-100-Mts-negro.-,4000,Eléctrico
1201000146,Cable Electrico Condusal THHN # 14 en 100 Mts verde.,"Para alumbrado residencial, comercial y fuerza motriz industrial, a un voltaje de operación máximo de 600 Voltios corriente alterna amperaje máximo 25 amps",,,/Departamento/Cable Electrico/;/Departamento/Cable Eléctrico/Cable THHN 100/;/Lineas/Condusal/;,92.41,Cable-Electrico-Condusal-THHN-#-14-en-100-Mts-verde.,0,Eléctrico
1201000148,Cable Electrico Condusal THHN # 14 en 100 Mts azul.,"Para alumbrado residencial, comercial y fuerza motriz industrial, a un voltaje de operación máximo de 600 Voltios corriente alterna amperaje máximo 25 amps",,,/Departamento/Cable Electrico/;/Departamento/Cable Eléctrico/Cable THHN 100/;/Lineas/Condusal/;,92.41,Cable-Electrico-Condusal-THHN-#-14-en-100-Mts-azul.,0,Eléctrico
1201005020,Cable Electrico Condusal THHN # 2 en 100 Mts blanco.,"Para alumbrado residencial, comercial y fuerza motriz industrial, a un voltaje de operación máximo de 600 Voltios corriente alterna amperaje máximo 130 amps",,,/Departamento/Cable Electrico/;/Departamento/Cable Eléctrico/Cable THHN 100/;/Lineas/Condusal/;,2286.9,Cable-Electrico-Condusal-THHN-#-2-en-100-Mts-blanco.,521,Eléctrico
1201005022,Cable Electrico Condusal THHN # 2 en 100 Mts rojo.,"Para alumbrado residencial, comercial y fuerza motriz industrial, a un voltaje de operación máximo de 600 Voltios corriente alterna amperaje máximo 130 amps",,,/Departamento/Cable Electrico/;/Departamento/Cable Eléctrico/Cable THHN 100/;/Lineas/Condusal/;,2286.9,Cable-Electrico-Condusal-THHN-#-2-en-100-Mts-rojo.,400,Eléctrico
1201005024,Cable Electrico Condusal THHN # 2 en 100 Mts negro. ,"Para alumbrado residencial, comercial y fuerza motriz industrial, a un voltaje de operación máximo de 600 Voltios corriente alterna amperaje máximo 130 amps",,,/Departamento/Cable Electrico/;/Departamento/Cable Eléctrico/Cable THHN 100/;/Lineas/Condusal/;,2286.9,Cable-Electrico-Condusal-THHN-#-2-en-100-Mts-negro.-,200,Eléctrico
1201005026,Cable Electrico Condusal THHN # 2 en 100 Mts verde.,"Para alumbrado residencial, comercial y fuerza motriz industrial, a un voltaje de operación máximo de 600 Voltios corriente alterna amperaje máximo 130 amps",,,/Departamento/Cable Electrico/;/Departamento/Cable Eléctrico/Cable THHN 100/;/Lineas/Condusal/;,2286.9,Cable-Electrico-Condusal-THHN-#-2-en-100-Mts-verde.,0,Eléctrico
1201005040,Cable Electrico Condusal THHN # 4 en 100 Mts blanco.,"Para alumbrado residencial, comercial y fuerza motriz industrial, a un voltaje de operación máximo de 600 Voltios corriente alterna amperaje máximo 95 amps",,,/Departamento/Cable Electrico/;/Departamento/Cable Eléctrico/Cable THHN 100/;/Lineas/Condusal/;,1458.77,Cable-Electrico-Condusal-THHN-#-4-en-100-Mts-blanco.,200,Eléctrico
1201005042,Cable Electrico Condusal THHN # 4 en 100 Mts rojo.,"Para alumbrado residencial, comercial y fuerza motriz industrial, a un voltaje de operación máximo de 600 Voltios corriente alterna amperaje máximo 95 amps",,,/Departamento/Cable Electrico/;/Departamento/Cable Eléctrico/Cable THHN 100/;/Lineas/Condusal/;,1458.77,Cable-Electrico-Condusal-THHN-#-4-en-100-Mts-rojo.,100,Eléctrico
1201005044,Cable Electrico Condusal THHN # 4 en 100 Mts negro. ,"Para alumbrado residencial, comercial y fuerza motriz industrial, a un voltaje de operación máximo de 600 Voltios corriente alterna amperaje máximo 95 amps",,,/Departamento/Cable Electrico/;/Departamento/Cable Eléctrico/Cable THHN 100/;/Lineas/Condusal/;,1458.77,Cable-Electrico-Condusal-THHN-#-4-en-100-Mts-negro.-,400,Eléctrico
1201005046,Cable Electrico Condusal THHN # 4 en 100 Mts verde. ,"Para alumbrado residencial, comercial y fuerza motriz industrial, a un voltaje de operación máximo de 600 Voltios corriente alterna amperaje máximo 95 amps",,,/Departamento/Cable Electrico/;/Departamento/Cable Eléctrico/Cable THHN 100/;/Lineas/Condusal/;,1458.77,Cable-Electrico-Condusal-THHN-#-4-en-100-Mts-verde.-,97,Eléctrico
1204100212,Cable Electrico Condusal S.P.T. 2X12 en 100 Mts blanco.,"para alimentación de aparatos electrodomésticos residenciales y comerciales, temperatura máxima en el conductor 60ºC a un voltaje de 120 corriente alterna, 25 amperios  máximo",,,/Departamento/Cable Electrico/;/Departamento/Cable Eléctrico/Cable SPT Y TSJ/;/Lineas/Condusal/;,641.09,Cable-Electrico-Condusal-S.P.T.-2X12-en-100-Mts-blanco.,4600,Eléctrico
1204100214,Cable Electrico Condusal S.P.T. 2X14 en 100 Mts blanco.,"para alimentación de aparatos electrodomésticos residenciales y comerciales, temperatura máxima en el conductor 60ºC a un voltaje de 120 corriente alterna, 18 amperios máximo",,,/Departamento/Cable Electrico/;/Departamento/Cable Eléctrico/Cable SPT Y TSJ/;/Lineas/Condusal/;,434.32,Cable-Electrico-Condusal-S.P.T.-2X14-en-100-Mts-blanco.,1700,Eléctrico
1204100216,Cable Electrico Condusal S.P.T. 2X16 en 100 Mts blanco.,"para alimentación de aparatos electrodomésticos residenciales y comerciales, temperatura máxima en el conductor 60ºC a un voltaje de 120 corriente alterna, 13 amperios máximo",,,/Departamento/Cable Electrico/;/Departamento/Cable Eléctrico/Cable SPT Y TSJ/;/Lineas/Condusal/;,257.59,Cable-Electrico-Condusal-S.P.T.-2X16-en-100-Mts-blanco.,1700,Eléctrico
1204100219,Cable Electrico Condusal S.P.T. 2X18 en 100 Mts blanco.,"para alimentación de aparatos electrodomésticos residenciales y comerciales, temperatura máxima en el conductor 60ºC a un voltaje de 120 corriente alterna, 10 amperios  máximo",,,/Departamento/Cable Electrico/;/Departamento/Cable Eléctrico/Cable SPT Y TSJ/;/Lineas/Condusal/;,138.61,Cable-Electrico-Condusal-S.P.T.-2X18-en-100-Mts-blanco.,0,Eléctrico
1205100212,Cable Electrico Condusal T.S.J. 2 X 12 en 100 Mts.,"para alimentación de aparatos electrodomésticos residenciales y comerciales de uso rudo, temperatura máxima en el conductor 90ºC a un voltaje máximo de 600 Volt AC, 25 amperios máximo",,,/Departamento/Cable Electrico/;/Departamento/Cable Eléctrico/Cable SPT Y TSJ/;/Lineas/Condusal/;,810.89,Cable-Electrico-Condusal-T.S.J.-2-X-12-en-100-Mts.,1800,Eléctrico
1205100214,Cable Electrico Condusal T.S.J. 2 X 14 en 100 Mts.,"para alimentación de aparatos electrodomésticos residenciales y comerciales de uso rudo, temperatura máxima en el conductor 90ºC a un voltaje máximo de 600 Volt AC, 18 amperios máximo",,,/Departamento/Cable Electrico/;/Departamento/Cable Eléctrico/Cable SPT Y TSJ/;/Lineas/Condusal/;,548.68,Cable-Electrico-Condusal-T.S.J.-2-X-14-en-100-Mts.,2000,Eléctrico
1205100216,Cable Electrico Condusal T.S.J. 2 X 16 en 100 Mts.,"para alimentación de aparatos electrodomésticos residenciales y comerciales de uso rudo, temperatura máxima en el conductor 90ºC a un voltaje máximo de 600 Volt AC, 13 amperios máximo",,,/Departamento/Cable Electrico/;/Departamento/Cable Eléctrico/Cable SPT Y TSJ/;/Lineas/Condusal/;,360.39,Cable-Electrico-Condusal-T.S.J.-2-X-16-en-100-Mts.,1300,Eléctrico
1205100310,Cable Electrico Condusal T.S.J. 3X10 en 100 Mts.,"para alimentación de aparatos electrodomésticos residenciales y comerciales de uso rudo, temperatura máxima en el conductor 90ºC a un voltaje máximo de 600 Volt AC, 30 amperios máximo",,,/Departamento/Cable Electrico/;/Departamento/Cable Eléctrico/Cable SPT Y TSJ/;/Lineas/Condusal/;,1748.84,Cable-Electrico-Condusal-T.S.J.-3X10-en-100-Mts.,1850,Eléctrico
1205100312,Cable Electrico Condusal T.S.J. 3 X 12 en 100 Mts.,"para alimentación de aparatos electrodomésticos residenciales y comerciales de uso rudo, temperatura máxima en el conductor 90ºC a un voltaje máximo de 600 Volt AC, 25 amperios máximo",,,/Departamento/Cable Electrico/;/Departamento/Cable Eléctrico/Cable SPT Y TSJ/;/Lineas/Condusal/;,1145.87,Cable-Electrico-Condusal-T.S.J.-3-X-12-en-100-Mts.,2945,Eléctrico
1205100314,Cable Electrico Condusal T.S.J.  3 X 14 en 100 Mts.,"para alimentación de aparatos electrodomésticos residenciales y comerciales de uso rudo, temperatura máxima en el conductor 90ºC a un voltaje máximo de 600 Volt AC, 18 amperios máximo",,,/Departamento/Cable Electrico/;/Departamento/Cable Eléctrico/Cable SPT Y TSJ/;/Lineas/Condusal/;,733.49,Cable-Electrico-Condusal-T.S.J.--3-X-14-en-100-Mts.,0,Eléctrico
1205200024,Cable Electrico Condusal Porta Electrodo AWG #2 ,Cable eléctrico Condusal Porta electrodo AWG # 2 en 150 mts,,,/Departamento/Cable Electrico/;/Departamento/Cable Eléctrico/Cable SPT Y TSJ/;/Lineas/Condusal/;,3349.82,Cable-Electrico-Condusal-Porta-Electrodo-AWG-#2-,550,Eléctrico
1205200084,Cable Electrico Condusal Porta Electrodo AWG 1/0 en 225 Mts. ,Cable eléctrico Condusal Porta electrodo AWG # 1/0 en 225 mts,,,/Departamento/Cable Electrico/;/Departamento/Cable Eléctrico/Cable SPT Y TSJ/;/Lineas/Condusal/;,5660.04,Cable-Electrico-Condusal-Porta-Electrodo-AWG-1/0-en-225-Mts.-,225,Eléctrico
1206625034,Cable Electrico Condusal Neutracen 3 X 4 Periwinkle.,"Cable eléctrico de aluminio con refuerzo de acero para aplicaciones de menos de 600 Volts, temperatura máxima de operación 75ºC, forro de polietileno. Neutracen 3 x 4 PERIWINKLE 265 Kgs / Km",,,/Departamento/Cable Electrico/;/Departamento/Cable Eléctrico/Cable Neutracen/;/Lineas/Condusal/;,851.24,Cable-Electrico-Condusal-Neutracen-3-X-4-Periwinkle.,0
1206630031,Cable Electrico Condusal Neutracen 3X1/0 Neritina.,"Cable eléctrico de aluminio con refuerzo de acero para aplicaciones de menos de 600 Volts, temperatura máxima de operación 75ºC, forro de polietileno. Neutracen 3 x 1/0 NERITINA 625 Kgs / Km",,,/Departamento/Cable Electrico/;/Departamento/Cable Eléctrico/Cable Neutracen/;/Lineas/Condusal/;,2668.05,Cable-Electrico-Condusal-Neutracen-3X1/0-Neritina.,0,Eléctrico
1206630032,Cable Electrico Condusal Neutracen 3 X 2 Conch.,"Cable eléctrico de aluminio con refuerzo de acero para aplicaciones de menos de 600 Volts, temperatura máxima de operación 75ºC, forro de polietileno. Neutracen 3 x 2 CONCH 398 Kgs / Km",,,/Departamento/Cable Electrico/;/Departamento/Cable Eléctrico/Cable Neutracen/;/Lineas/Condusal/;,1328.25,Cable-Electrico-Condusal-Neutracen-3-X-2-Conch.,1800,Eléctrico
1206630036,Cable Electrico Condusal Neutracen 3 X 6 Voluta.,"Cable eléctrico de aluminio con refuerzo de acero para aplicaciones de menos de 600 Volts, temperatura máxima de operación 75ºC, forro de polietileno. Neutracen 3 x 6 VOLUTA 178 Kgs / Km",,,/Departamento/Cable Electrico/;/Departamento/Cable Eléctrico/Cable Neutracen/;/Lineas/Condusal/;,589.05,Cable-Electrico-Condusal-Neutracen-3-X-6-Voluta.,15600,Eléctrico
1206630038,Cable Electrico Condusal Raven 1/0 ,"Cable eléctrico de aluminio con refuerzo de acero. RAVEN 1/0, 216 Kgs / Km",,,/Departamento/Cable Electrico/;/Departamento/Cable Eléctrico/Cable Neutracen/;/Lineas/Condusal/;,669.9,Cable-Electrico-Condusal-Raven-1/0-,0,Eléctrico
1206630040,Cable Electrico Condusal Duplex Collie 2 X 6,"Cable eléctrico de aluminio con refuerzo de acero para aplicaciones de menos de 600 Volts, temperatura máxima de operación 75ºC, Duplex COLLIE 2 X 6,  99 Kgs / Km",,,/Departamento/Cable Electrico/;/Departamento/Cable Eléctrico/Cable Neutracen/;/Lineas/Condusal/;,423.89,Cable-Electrico-Condusal-Duplex-Collie-2-X-6,0,Eléctrico
1308400101,"Conector para tuberia de hierro EMT de 1/2""","Terminal con tuerca de hierro para tubo EMT. Sistema de acople rápido para salir de una caja a un tubo. En 1/2""",,,/Departamento/Tubería EMT/;/Departamento/Tubería EMT/Conectores/;,135.14,"Conector-para-tuberia-de-hierro-EMT-de-1/2""",746
1308500101,"Conector para tubo EMT de 1/2""","Terminal con tuerca galvanizada para tubo EMT. Sistema de acople rápido para salir de una caja a un tubo. Medida 1/2""",,,/Departamento/Tubería EMT/;/Departamento/Tubería EMT/Conectores/;,"58,91","Conector-para-tubo-EMT-de-1/2""",0,Ferretería
1308500102,"Conector para tubo EMT de 3/4""","Terminal con tuerca galvanizada para tubo EMT. Sistema de acople rápido para salir de una caja a un tubo. Medida 3/4""",,,/Departamento/Tubería EMT/;/Departamento/Tubería EMT/Conectores/;,"83,16","Conector-para-tubo-EMT-de-3/4""",0,Ferretería
1308500103,"Conector para tubo EMT de 1 ""","Terminal con tuerca galvanizada para tubo EMT. Sistema de acople rápido para salir de una caja a un tubo. Medida 1""",,,/Departamento/Tubería EMT/;/Departamento/Tubería EMT/Conectores/;,"152,46","Conector-para-tubo-EMT-de-1-""",0,Ferretería
1308500104,"Conector para tubo EMT de 1 1/4""","Terminal con tuerca galvanizada para tubo EMT. Sistema de acople rápido para salir de una caja a un tubo. Medida 11/4""",,,/Departamento/Tubería EMT/;/Departamento/Tubería EMT/Conectores/;,"277,20","Conector-para-tubo-EMT-de-1-1/4""",0,Ferretería
1308500105,"Conector para tubo EMT de 1 1/2""","Terminal con tuerca galvanizada para tubo EMT. Sistema de acople rápido para salir de una caja a un tubo. Medida 11/2""",,,/Departamento/Tubería EMT/;/Departamento/Tuberia EMT/Conectores/;,"310,70","Conector-para-tubo-EMT-de-1-1/2""",0,Ferretería
1308500106,"Conector para tubo EMT de 2""","Terminal con tuerca galvanizada para tubo EMT. Sistema de acople rápido para salir de una caja a un tubo. Medida 2""",,,/Departamento/Tubería EMT/;/Departamento/Tuberia EMT/Conectores/;,"535,92","Conector-para-tubo-EMT-de-2""",0,Ferretería
1308500111,"Union para tubo EMT de 1/2""","Unión galvanizada para tubo EMT de 1/2"". Sistema de acople rápido que permite unir dos tubos, o un tubo con una curva, con solo apretar los tornillos de fijación",,,/Departamento/Tubería EMT/;/Departamento/Tuberia EMT/Uniones/;,"77,39","Union-para-tubo-EMT-de-1/2""",0,Ferretería
1308500112,"Union para tubo EMT de 3/4""","Unión galvanizada para tubo EMT de 3/4"". Sistema de acople rápido que permite unir dos tubos, o un tubo con una curva, con solo apretar los tornillos de fijación",,,/Departamento/Tubería EMT/;/Departamento/Tuberia EMT/Uniones/;,"97,02","Union-para-tubo-EMT-de-3/4""",0,Ferretería
1308500113,"Union para tubo EMT de 1 ""","Unión galvanizada para tubo EMT de 1"". Sistema de acople rápido que permite unir dos tubos, o un tubo con una curva, con solo apretar los tornillos de fijación",,,/Departamento/Tubería EMT/;/Departamento/Tuberia EMT/Uniones/;,"164,01","Union-para-tubo-EMT-de-1-""",0,Ferretería
1308500114,"Union para tubo EMT de 1 1/4""","Unión galvanizada para tubo EMT de 11/4"". Sistema de acople rápido que permite unir dos tubos, o un tubo con una curva, con solo apretar los tornillos de fijación",,,/Departamento/Tubería EMT/;/Departamento/Tuberia EMT/Uniones/;,"274,89","Union-para-tubo-EMT-de-1-1/4""",0,Ferretería
1308500115,"Union para tubo EMT de 1 1/2""","Unión galvanizada para tubo EMT de 1 1/2"". Sistema de acople rápido que permite unir dos tubos, o un tubo con una curva, con solo apretar los tornillos de fijación",,,/Departamento/Tubería EMT/;/Departamento/Tuberia EMT/Uniones/;,"384,62","Union-para-tubo-EMT-de-1-1/2""",0,Ferretería
1308500116,"Union para tubo EMT de  2""","Unión galvanizada para tubo EMT de 2"". Sistema de acople rápido que permite unir dos tubos, o un tubo con una curva, con solo apretar los tornillos de fijación",,,/Departamento/Tubería EMT/;/Departamento/Tuberia EMT/Uniones/;,"631,79","Union-para-tubo-EMT-de--2""",0,Ferretería
1308500121,"Curva para tubo EMT de 1/2""","Curva galvanizada, accesorio para tubo EMT de 1/2"". Elimina la necesidad de curvar tubos manualmente.",,,/Departamento/Tubería EMT/;/Departamento/Tuberia EMT/Curvas/;,"251,79","Curva-para-tubo-EMT-de-1/2""",0,Ferretería
1308500122,"Curva para tubo EMT de 3/4""","Curva galvanizada, accesorio para tubo EMT de 3/4"". Elimina la necesidad de curvar tubos manualmente.",,,/Departamento/Tubería EMT/;/Departamento/Tuberia EMT/Curvas/;,"416,96","Curva-para-tubo-EMT-de-3/4""",0,Ferretería
1308500123,"Curva para tubo EMT de 1 ""","Curva galvanizada, accesorio para tubo EMT de 1"". Elimina la necesidad de curvar tubos manualmente.",,,/Departamento/Tubería EMT/;/Departamento/Tuberia EMT/Curvas/;,"397,32","Curva-para-tubo-EMT-de-1-""",0,Ferretería
1308500124,"Curva para tubo EMT de 1 1/4""","Curva galvanizada, accesorio para tubo EMT de 1 1/4"". Elimina la necesidad de curvar tubos manualmente.",,,/Departamento/Tubería EMT/;/Departamento/Tuberia EMT/Curvas/;,"1365,2","Curva-para-tubo-EMT-de-1-1/4""",0,Ferretería
1308500125,"Curva para tubo EMT de 1 1/2""","Curva galvanizada, accesorio para tubo EMT de 1 1/2"". Elimina la necesidad de curvar tubos manualmente.",,,/Departamento/Tubería EMT/;/Departamento/Tuberia EMT/Curvas/;,"111,11","Curva-para-tubo-EMT-de-1-1/2""",0,Ferretería
1308500126,"Curva para tubo EMT de 2""","Curva galvanizada, accesorio para tubo EMT de 2"". Elimina la necesidad de curvar tubos manualmente.",,,/Departamento/Tubería EMT/;/Departamento/Tuberia EMT/Curvas/;,"2115,96","Curva-para-tubo-EMT-de-2""",0,Ferretería
1308500131,"Condoleta para tubo EMT de 1/2""","Condoleta accesorio galvanizado para tubo EMT de 1/2"" que permite canalizar adecuadamente los cables de alimentación a la vivienda.",,,/Departamento/Tubería EMT/;/Departamento/Tuberia EMT/Condoletas/;,"459,69","Condoleta-para-tubo-EMT-de-1/2""",0,Ferretería
1308500132,"Condoleta para tubo EMT de 3/4""","Condoleta accesorio galvanizado para tubo EMT de 3/4"" que permite canalizar adecuadamente los cables de alimentación a la vivienda.",,,/Departamento/Tubería EMT/;/Departamento/Tuberia EMT/Condoletas/;,"542,85","Condoleta-para-tubo-EMT-de-3/4""",0,Ferretería
1308500133,"Condoleta para tubo EMT de 1 ""","Condoleta accesorio galvanizado para tubo EMT de 1"" que permite canalizar adecuadamente los cables de alimentación a la vivienda.",,,/Departamento/Tubería EMT/;/Departamento/Tuberia EMT/Condoletas/;,"689,54","Condoleta-para-tubo-EMT-de-1-""",0,Ferretería
1308500134,"Condoleta para tubo EMT de 1 1/4""","Condoleta accesorio galvanizado para tubo EMT de 1 1/4"" que permite canalizar adecuadamente los cables de alimentación a la vivienda.",,,/Departamento/Tubería EMT/;/Departamento/Tuberia EMT/Condoletas/;,"846,62","Condoleta-para-tubo-EMT-de-1-1/4""",0,Ferretería
1308500135,"Condoleta para tubo EMT de 1 1/2""","Condoleta accesorio galvanizado para tubo EMT de 1 1/2"" que permite canalizar adecuadamente los cables de alimentación a la vivienda.",,,/Departamento/Tubería EMT/;/Departamento/Tuberia EMT/Condoletas/;,1304,"Condoleta-para-tubo-EMT-de-1-1/2""",0,Ferretería
1308500136,"Condoleta para tubo EMT de 2""","Condoleta accesorio galvanizado para tubo EMT de 2"" que permite canalizar adecuadamente los cables de alimentación a la vivienda.",,,/Departamento/Tubería EMT/;/Departamento/Tuberia EMT/Condoletas/;,1303.54,"Condoleta-para-tubo-EMT-de-2""",0,Eléctrico; Ferretería
1308500201,"Tuberia EMT de 1/2"" X 3 Mts","Tubo de acero galvanizado tipo EMT ( Electrical Metallic Tubing ) de 1/2"" de ancho por 3 metros de largo, para proteger cables eléctricos en instalaciones industriales de bajo tráfico y domiciliarias donde se necesite protección contra la corrosión.",,,/Departamento/Tubería EMT/;/Departamento/Tubería EMT/Tubería EMT/;,1304,"Tuberia-EMT-de-1/2""-X-3-Mts",0,Ferretería
1308500202,"Tuberia EMT de 3/4"" X 3 Mts","Tubo de acero galvanizado tipo EMT ( Electrical Metallic Tubing ) de 3/4"" de ancho por 3 metros de largo, para proteger cables eléctricos en instalaciones industriales de bajo tráfico y domiciliarias donde se necesite protección contra la corrosión.",,,/Departamento/Tubería EMT/;/Departamento/Tubería EMT/Tubería EMT/;,"1470,32","Tuberia-EMT-de-3/4""-X-3-Mts",0,Ferretería
1308500203,"Tuberia EMT de 1"" X 3 Mts","Tubo de acero galvanizado tipo EMT ( Electrical Metallic Tubing ) de 1"" de ancho por 3 metros de largo, para proteger cables eléctricos en instalaciones industriales de bajo tráfico y domiciliarias donde se necesite protección contra la corrosión.",,,/Departamento/Tubería EMT/;/Departamento/Tubería EMT/Tubería EMT/;,"2812,43","Tuberia-EMT-de-1""-X-3-Mts",0,Ferretería
1308500204,"Tuberia EMT de 1 1/4"" X 3 Mts","Tubo de acero galvanizado tipo EMT ( Electrical Metallic Tubing ) de 1 1/4"" de ancho por 3 metros de largo, para proteger cables eléctricos en instalaciones industriales de bajo tráfico y domiciliarias donde se necesite protección contra la corrosión.",,,/Departamento/Tubería EMT/;/Departamento/Tubería EMT/Tubería EMT/;,"3453,45","Tuberia-EMT-de-1-1/4""-X-3-Mts",0,Ferretería
1308500205,"Tuberia EMT de 1 1/2"" X 3 Mts","Tubo de acero galvanizado tipo EMT ( Electrical Metallic Tubing ) de 11/2"" de ancho por 3 metros de largo, para proteger  cables eléctricos en instalaciones industriales de bajo tráfico y domiciliarias donde se necesite protección /contra la corrosión.",,,/Departamento/Tubería EMT/;/Departamento/Tubería EMT/Tubería EMT/;,"4527,60","Tuberia-EMT-de-1-1/2""-X-3-Mts",0,Ferretería
1308500206,"Tuberia EMT de  2"" X 3 Mts","Tubo de acero galvanizado tipo EMT ( Electrical Metallic Tubing ) de 2"" de ancho por 3 metros de largo, para proteger cables eléctricos en instalaciones industriales de bajo tráfico y domiciliarias donde se necesite protección contra la corrosión.",,,/Departamento/Tubería EMT/;/Departamento/Tubería EMT/Tubería EMT/;,"6849,15","Tuberia-EMT-de--2""-X-3-Mts",0,Ferretería
1308506001,"Gaza con 1 hueco de 1/2"" para tuberia EMT.","Gaza, accesorio galvanizado de 1/2"" para fijar la tubería a estructuras, paredes o pisos.",,,/Departamento/Tubería EMT/;/Departamento/Tubería EMT/Gazas/;,14.7,"Gaza-con-1-hueco-de-1/2""-para-tuberia-EMT.",497,Eléctrico; Ferretería
1308506002,"Gaza con 1 hueco de 3/4"" para tuberia EMT","Gaza, accesorio galvanizado de 3/4"" para fijar la tubería a estructuras, paredes o pisos.",,,/Departamento/Tubería EMT/;/Departamento/Tubería EMT/Gazas/;,"47,36","Gaza-con-1-hueco-de-3/4""-para-tuberia-EMT",0
1308506004,"Gaza con 1 hueco de 1 1/4"" PARA TUBERIA EMT","Gaza, accesorio galvanizado de 1 1/4"" para fijar la tubería a estructuras, paredes o pisos.",,,/Departamento/Tubería EMT/;/Departamento/Tubería EMT/Gazas/;,123.59,"Gaza-con-1-hueco-de-1-1/4""-PARA-TUBERIA-EMT",0
1308506011,"Conector de cable TSJ de 1/2""","Conector galvanizado de 1/2"". Sistema de acople rápido que permite sujetar al cable TSJ con solo ajustar los tornillos de fijación.",,,/Departamento/Tubería EMT/;/Departamento/Tubería EMT/Conectores/;,45.01,"Conector-de-cable-TSJ-de-1/2""",17,Eléctrico; Ferretería
1308506012,"Conector de cable TSJ de 3/4""","Conector galvanizado de 3/4"". Sistema de acople rápido que permite sujetar al cable TSJ con solo ajustar los tornillos de fijación.",,,/Departamento/Tubería EMT/;/Departamento/Tubería EMT/Conectores/;,83.78,"Conector-de-cable-TSJ-de-3/4""",860,Eléctrico; Ferretería
1308506040,Conector de barril # 4 para tuberia EMT,Conector barril N# 4 para tubería EMT,,,/Departamento/Tubería EMT/;/Departamento/Tubería EMT/Conectores/;,669.9,Conector-de-barril-#-4-para-tuberia-EMT,0
1308506060,Conector de barril # 6 para tuberia EMT,Conector barril N# 6 para tubería EMT,,,/Departamento/Tubería EMT/;/Departamento/Tubería EMT/Conectores/;,336.11,Conector-de-barril-#-6-para-tuberia-EMT,0
1308506080,Conector de barril # 8 para tuberia EMT,Conector barril N# 8 para tubería EMT,,,/Departamento/Tubería EMT/;/Departamento/Tubería EMT/Conectores/;,264.5,Conector-de-barril-#-8-para-tuberia-EMT,0
1602703019,Cintas Metricas Assist de 3 Mts ,Cintas metricas magnéticas marca Assist para uso en construccion e industria de 3 Mts x 3/4 ¨. ,,,/Departamento/Productos Ferreteros/;/Departamento/Productos Ferreteros/Cintas Metricas/;/Lineas/Assist/;,487.57,Cintas-Metricas-Assist-de-3-Mts-,1215,Ferretería
1602705019,Cintas Metricas Assist de 5 Mts,Cintas metricas magnéticas marca Assist para uso en construccion e industria de 5 Mts x 1 ¨.,,,/Departamento/Productos Ferreteros/;/Departamento/Productos Ferreteros/Cintas Metricas/;/Lineas/Assist/;,"1179,68",Cintas-Metricas-Assist-de-5-Mts,864,Ferretería
1602707525,"Cintas Metricas Assist de 7,5 Mts","Cintas metricas magnéticas marca Assist para uso en construccion e industria de 7,5 Mts x 1 ¨.",,,/Departamento/Productos Ferreteros/;/Departamento/Productos Ferreteros/Cintas Metricas/;/Lineas/Assist/;,957.35,"Cintas-Metricas-Assist-de-7,5-Mts",1577,Ferretería
1602710025,Cintas Metricas Assist de 10 Mts,Cintas metricas magnéticas marca Assist para uso en construccion e industria de 10 Mts x 1 ¨.,,,/Departamento/Productos Ferreteros/;/Departamento/Productos Ferreteros/Cintas Metricas/;/Lineas/Assist/;,1224,Cintas-Metricas-Assist-de-10-Mts,1091,Ferretería
1603000105,Repuestos para Cutter Assist ,Set de repuestos para cutter marca Assist con 10 unidades # 105,,,/Departamento/Productos Ferreteros/;/Departamento/Productos Ferreteros/Cutter/;/Lineas/Assist/;,"335,16",Repuestos-para-Cutter-Assist-,1100,Ferretería
1705015305,Cerradura para gaveta Rabbit. ,Cerradura sencilla para gaveta Rabbit dorada.,,,,635.25,Cerradura-para-gaveta-Rabbit.-,4432
2007510130,Mascara de soldar.,Máscara de soldar convencional código 2720,,,/Departamento/Artículos de Seguridad/;/Departamento/Artículos de Seguridad/Máscaras y Repuestos/;,"3326,40",Mascara-de-soldar.,0,Ferretería
2007510131,Repuestos de suspencion para mascaras.,Repuesto para la suspensión de la  máscara de soldar 2720 ,,,/Departamento/Artículos de Seguridad/;/Departamento/Artículos de Seguridad/Máscaras y Repuestos/;,"1455,30",Repuestos-de-suspencion-para-mascaras.,17,Ferretería
2007510150,Mascara de soldar electronica.,Máscara de soldar electrónica 1190S con pantalla amplia,,,/Departamento/Artículos de Seguridad/;/Departamento/Artículos de Seguridad/Máscaras y Repuestos/;,54285,Mascara-de-soldar-electronica.,3,Ferretería
2007510200,Pinza de tierra para soldar de 300 AMP.,Pinza de tierra con una capacidad de 300 amperios,,,/Departamento/Artículos de Seguridad/;/Departamento/Artículos de Seguridad/Máscaras y Repuestos/;,"2046,66",Pinza-de-tierra-para-soldar-de-300-AMP.,505,Ferretería
2007510210,Pinza de tierra para soldar de 500 AMP.,Pinza de tierra con una capacidad de 500 amperios,,,/Departamento/Artículos de Seguridad/;/Departamento/Artículos de Seguridad/Máscaras y Repuestos/;,"2486,72",Pinza-de-tierra-para-soldar-de-500-AMP.,373,Ferretería
2007510220,Porta electrodo de 300 AMP.,Porta electrodo con una capacidad de 300 amperios,,,/Departamento/Artículos de Seguridad/;/Departamento/Artículos de Seguridad/Máscaras y Repuestos/;,2079,Porta-electrodo-de-300-AMP.,193,Ferretería
2007510230,Porta electrodo de 500 AMP.,Porta electrodo con una capacidad de 500 amperios,,,/Departamento/Artículos de Seguridad/;/Departamento/Artículos de Seguridad/Máscaras y Repuestos/;,"2485,56",Porta-electrodo-de-500-AMP.,682,Ferretería
2007510240,Piqueta para soldar.,Piqueta para liberar la escoria de la soldadura,,,/Departamento/Artículos de Seguridad/;/Departamento/Artículos de Seguridad/Máscaras y Repuestos/;,"2425,50",Piqueta-para-soldar.,478,Ferretería
2007510300,Guantes de cuero para soldar.,Guantes de cuero corto para soldador,,,/Departamento/Artículos de Seguridad/;/Departamento/Artículos de Seguridad/Guantes/;,"1969,27",Guantes-de-cuero-para-soldar.,4162,Ferretería
2007510310,Guantes de cuero para construccion. ,Guantes de cuero cortos para construcción,,,/Departamento/Artículos de Seguridad/;/Departamento/Artículos de Seguridad/Guantes/;,"796,95",Guantes-de-cuero-para-construccion.-,901,Ferretería
2007510410,Lente transparente.,Lente transparente para careta de soldador,,,/Departamento/Artículos de Seguridad/;/Departamento/Artículos de Seguridad/Máscaras y Repuestos/;,63525,Lente-transparente.,3,Ferretería
2007510420,Lente transparente.,Lente transparente de repuesto de 2 X 41/4 ,,,/Departamento/Artículos de Seguridad/;/Departamento/Artículos de Seguridad/Máscaras y Repuestos/;,"138,60",Lente-transparente.,0,Ferretería
2007510430,Lente oscuro # 11 ,Lente oscuro de repuesto de 2 X 41/4,,,/Departamento/Artículos de Seguridad/;/Departamento/Artículos de Seguridad/Máscaras y Repuestos/;,"138,60",Lente-oscuro-#-11-,0,Ferretería
2602000004,Plywood (Plyco) corriente BB/BB 3.6 mm ,Tablero estructural fabricado con laminas de madera contrachapadas y pegadas con resina de muy buena calidad. Tipo BB/BB de 1.22 X 2.44 mts.,,,/Departamento/Maderas/;/Departamento/Maderas/Plywood Corriente BB/BB/;/Linea/Plyco/;,"6294,75",Plywood-(Plyco)-corriente-BB/BB-3.6-mm-,206,Muebleria ( Maderas )
2602000006,Plywood (Plyco) corriente BB/BB 5 mm,Tablero estructural fabricado con laminas de madera contrachapadas y pegadas con resina de muy buena calidad. Tipo BB/BB de 1.22 X 2.44 mts.,,,/Departamento/Maderas/;/Departamento/Maderas/Plywood Corriente BB/BB/;/Linea/Plyco/;,4502.53,Plywood-(Plyco)-corriente-BB/BB-5-mm,1441,Muebleria ( Maderas )
2602000009,Plywood (Plyco) corriente BB/BB 9 mm,Tablero estructural fabricado con laminas de madera contrachapadas y pegadas con resina de muy buena calidad. Tipo BB/BB de 1.22 X 2.44 mts.,,,/Departamento/Maderas/;/Departamento/Maderas/Plywood Corriente BB/BB/;/Linea/Plyco/;,7189.11,Plywood-(Plyco)-corriente-BB/BB-9-mm,1353,Muebleria ( Maderas )
2602000012,Plywood (Plyco) corriente BB/BB 12 mm,Tablero estructural fabricado con laminas de madera contrachapadas y pegadas con resina de muy buena calidad. Tipo BB/BB de 1.22 X 2.44 mts.,,,/Departamento/Maderas/;/Departamento/Maderas/Plywood Corriente BB/BB/;/Linea/Plyco/;,"15361,50",Plywood-(Plyco)-corriente-BB/BB-12-mm,776,Muebleria ( Maderas )
2602000015,Plywood (Plyco) corriente BB/BB 15 mm,Tablero estructural fabricado con laminas de madera contrachapadas y pegadas con resina de muy buena calidad. Tipo BB/BB de 1.22 X 2.44 mts.,,,/Departamento/Maderas/;/Departamento/Maderas/Plywood Corriente BB/BB/;/Linea/Plyco/;,"18734,10",Plywood-(Plyco)-corriente-BB/BB-15-mm,71,Muebleria ( Maderas )
2602000018,Plywood (Plyco) corriente BB/BB 18 mm,Tablero estructural fabricado con laminas de madera contrachapadas y pegadas con resina de muy buena calidad. Tipo BB/BB de 1.22 X 2.44 mts.,,,/Departamento/Maderas/;/Departamento/Maderas/Plywood Corriente BB/BB/;/Linea/Plyco/;,13216.91,Plywood-(Plyco)-corriente-BB/BB-18-mm,120,Muebleria ( Maderas )
2603000004,Plywood (Plyco) pino BB/BB 3.6 mm.,Tablero estructural fabricado con laminas de madera a base de pino contrachapadas y pegadas con resina de muy buena calidad. Tipo BB/BB de 1.22 X 2.44 mts.,,,/Departamento/Maderas/;/Departamento/Maderas/Plywood Pino BB/BB/;/Linea/Plyco/;,"6294,75",Plywood-(Plyco)-pino-BB/BB-3.6-mm.,694,Muebleria ( Maderas )
2603000006,Plywood (Plyco) pino BB/BB 5 mm.,Tablero estructural fabricado con laminas de madera a base de pino contrachapadas y pegadas con resina de muy buena calidad. Tipo BB/BB de 1.22 X 2.44 mts.,,,/Departamento/Maderas/;/Departamento/Maderas/Plywood Pino BB/BB/;/Linea/Plyco/;,"7713,09",Plywood-(Plyco)-pino-BB/BB-5-mm.,739,Muebleria ( Maderas )
2603000009,Plywood (Plyco) pino BB/BB 9 mm.,Tablero estructural fabricado con laminas de madera a base de pino contrachapadas y pegadas con resina de muy buena calidad. Tipo BB/BB de 1.22 X 2.44 mts.,,,/Departamento/Maderas/;/Departamento/Maderas/Plywood Pino BB/BB/;/Linea/Plyco/;,"12254,55",Plywood-(Plyco)-pino-BB/BB-9-mm.,254,Muebleria ( Maderas )
2603000012,Plywood (Plyco) pino BB/BB 12 mm.,Tablero estructural fabricado con laminas de madera a base de pino contrachapadas y pegadas con resina de muy buena calidad. Tipo BB/BB de 1.22 X 2.44 mts.,,,/Departamento/Maderas/;/Departamento/Maderas/Plywood Pino BB/BB/;/Linea/Plyco/;,"15361,50",Plywood-(Plyco)-pino-BB/BB-12-mm.,825,Muebleria ( Maderas )
2603000015,Plywood (Plyco) pino BB/BB 15 mm.,Tablero estructural fabricado con laminas de madera a base de pino contrachapadas y pegadas con resina de muy buena calidad. Tipo BB/BB de 1.22 X 2.44 mts.,,,/Departamento/Maderas/;/Departamento/Maderas/Plywood Pino BB/BB/;/Linea/Plyco/;,"18734,10",Plywood-(Plyco)-pino-BB/BB-15-mm.,101,Muebleria ( Maderas )
2603000018,Plywood (Plyco) pino BB/BB 18 mm.,Tablero estructural fabricado con laminas de madera a base de pino contrachapadas y pegadas con resina de muy buena calidad. Tipo BB/BB de 1.22 X 2.44 mts.,,,/Departamento/Maderas/;/Departamento/Maderas/Plywood Pino BB/BB/;/Linea/Plyco/;,"22464,75",Plywood-(Plyco)-pino-BB/BB-18-mm.,92,Muebleria ( Maderas )
2702000006,Lamina de 6 mm.,"Tablero de fibras de madera de pino unidas por adhesivos especiales para muebles, conocida como lamina MDF o Fibram. ",,,/Departamento/Maderas/;/Departamento/Maderas/MDF(Fibram)/;,5733,Lamina-de-6-mm.,0,Muebleria ( Maderas )
2702000009,Lamina de 9 mm.,"Tablero de fibras de madera de pino unidas por adhesivos especiales para muebles, conocida como lamina MDF o Fibram.",,,/Departamento/Maderas/;/Departamento/Maderas/MDF(Fibram)/;,8820,Lamina-de-9-mm.,0,Muebleria ( Maderas )
2702000012,Lamina de 12 mm.,"Tablero de fibras de madera de pino unidas por adhesivos especiales para muebles, conocida como lamina MDF o Fibram.",,,/Departamento/Maderas/;/Departamento/Maderas/MDF(Fibram)/;,"13781,25",Lamina-de-12-mm.,0,Muebleria ( Maderas )
2702000016,Lamina de 16 mm.,"Tablero de fibras de madera de pino unidas por adhesivos especiales para muebles, conocida como lamina MDF o Fibram.",,,/Departamento/Maderas/;/Departamento/Maderas/MDF(Fibram)/;,"16537,50",Lamina-de-16-mm.,0,Muebleria ( Maderas )
0101011020,Candado Yale de Bronce 20 mm,Candado de bronce 20 mm con arco endurecido y cromado,,,/Departamento/Cerrajeria/;/Departamento/Cerrajeria/Candados Bronce/;/Lineas/Yale/;,3580.5,Candado-Yale-de-Bronce-20-mm,417,Cerrajería
0101011025,Candado Yale de Bronce 25 mm,Candado de bronce 25 mm con arco endurecido y cromado,,,/Departamento/Cerrajeria/;/Departamento/Cerrajeria/Candados Bronce/;/Lineas/Yale/;,3684.45,Candado-Yale-de-Bronce-25-mm,193,Cerrajería
0101011030,Candado Yale de Bronce 30 mm,Candado de bronce 30 mm con arco endurecido y cromado,,,/Departamento/Cerrajeria/;/Departamento/Cerrajeria/Candados Bronce/;/Lineas/Yale/;,3580.5,Candado-Yale-de-Bronce-30-mm,1838,Cerrajería
0101011040,Candado Yale de Bronce 40 mm,Candado de bronce 40 mm con arco endurecido y cromado,,,/Departamento/Cerrajeria/;/Departamento/Cerrajeria/Candados Bronce/;/Lineas/Yale/;,4117.58,Candado-Yale-de-Bronce-40-mm,6659,Cerrajería
0101011050,Candado Yale de Bronce 50 mm,Candado de bronce 50 mm con arco endurecido y cromado,,,/Departamento/Cerrajeria/;/Departamento/Cerrajeria/Candados Bronce/;/Lineas/Yale/;,5609.84,Candado-Yale-de-Bronce-50-mm,8691,Cerrajería
0101011060,Candado Yale de Bronce 60 mm,Candado de bronce 60 mm con arco endurecido y cromado,,,/Departamento/Cerrajeria/;/Departamento/Cerrajeria/Candados Bronce/;/Lineas/Yale/;,8061.9,Candado-Yale-de-Bronce-60-mm,39,Cerrajería
0101011070,Candado Yale de Bronce 70 mm,Candado de bronce 70 mm con arco endurecido y cromado,,,/Departamento/Cerrajeria/;/Departamento/Cerrajeria/Candados Bronce/;/Lineas/Yale/;,11001.38,Candado-Yale-de-Bronce-70-mm,640,Cerrajería
0101011340,Candado Yale de Bronce Espiga Larga 40 mm,"Candado de bronce Espiga larga de 40 mm, con arco edurecido y cromado.",,,/Departamento/Cerrajeria/;/Departamento/Cerrajeria/Candados Bronce/;/Lineas/Yale/;,5775,Candado-Yale-de-Bronce-Espiga-Larga-40-mm,0,Cerrajería
0101011350,Candado Yale de Bronce Espiga Larga 50 mm,"Candado de bronce Espiga larga de 50 mm, con arco edurecido y cromado.",,,/Departamento/Cerrajeria/;/Departamento/Cerrajeria/Candados Bronce/;/Lineas/Yale/;,5890.5,Candado-Yale-de-Bronce-Espiga-Larga-50-mm,0,Cerrajería
0101011360,Candado Yale de Bronce Espiga Larga 60 mm,"Candado de bronce Espiga larga de 60 mm, con arco edurecido y cromado.",,,/Departamento/Cerrajeria/;/Departamento/Cerrajeria/Candados Bronce/;/Lineas/Yale/;,9066.75,Candado-Yale-de-Bronce-Espiga-Larga-60-mm,0,Cerrajería
0101011640,Candado Yale Marino con arco protegido 40 mm,"Candado Marino de 40 mm con arco protegido, de acero endurecido y cromado",,,/Departamento/Cerrajeria/;/Departamento/Cerrajeria/Candados Especiales/;/Lineas/Yale/;,6006,Candado-Yale-Marino-con-arco-protegido-40-mm,30,Cerrajería
0101011840,Candado Yale de Bronce con arco protegido 40 mm,Candado de Bronce 40 mm con arco protegido de acero endurecido y cromado,,,/Departamento/Cerrajeria/;/Departamento/Cerrajeria/Candados Especiales/;/Lineas/Yale/;,3850.77,Candado-Yale-de-Bronce-con-arco-protegido-40-mm,251,Cerrajería
0101011850,Candado Yale de Bronce con arco protegido 50 mm,Candado de Bronce 50 mm con arco protegido de acero endurecido y cromado,,,/Departamento/Cerrajeria/;/Departamento/Cerrajeria/Candados Especiales/;/Lineas/Yale/;,5659.5,Candado-Yale-de-Bronce-con-arco-protegido-50-mm,39,Cerrajería
0101011860,Candado Yale de Bronce con arco protegido 60 mm,Candado de Bronce 60 mm con arco protegido de acero endurecido y cromado,,,/Departamento/Cerrajeria/;/Departamento/Cerrajeria/Candados Especiales/;/Lineas/Yale/;,7264.95,Candado-Yale-de-Bronce-con-arco-protegido-60-mm,75,Cerrajería
0101016060,Candado Yale acorazado anticizalla 60 mm,"Candado acorazado 60 mm anticizalla, con barra de acero endurecido y cromado ",,,/Departamento/Cerrajeria/;/Departamento/Cerrajeria/Candados Anticizalla/;/Lineas/Yale/;,19404,Candado-Yale-acorazado-anticizalla-60-mm,65,Cerrajería
0101016070,Candado Yale acorazado anticizalla 70 mm,"Candado acorazado 70 mm anticizalla, con barra de acero endurecido y cromado",,,/Departamento/Cerrajeria/;/Departamento/Cerrajeria/Candados Anticizalla/;/Lineas/Yale/;,19404,Candado-Yale-acorazado-anticizalla-70-mm,0,Cerrajería
0101016080,Candado Yale acorazado anticizalla 80 mm,"Candado acorazado 80 mm anticizalla, con barra de acero endurecido y cromado",,,/Departamento/Cerrajeria/;/Departamento/Cerrajeria/Candados Anticizalla/;/Lineas/Yale/;,19635,Candado-Yale-acorazado-anticizalla-80-mm,0,Cerrajería
0101016090,Candado Yale acorazado anticizalla 90 mm,"Candado acorazado 90 mm anticizalla, con barra de acero endurecido y cromado",,,/Departamento/Cerrajeria/;/Departamento/Cerrajeria/Candados Anticizalla/;/Lineas/Yale/;,21252,Candado-Yale-acorazado-anticizalla-90-mm,0,Cerrajería
0101016260,Candado Yale de bronce anticizalla 60 mm,"candado de bronce anticizalla de 60 mm, con barra de acero endurecido y cromado",,,/Departamento/Cerrajeria/;/Departamento/Cerrajeria/Candados Anticizalla/;/Lineas/Yale/;,6398.7,Candado-Yale-de-bronce-anticizalla-60-mm,0,Cerrajería
0101016270,Candado Yale de bronce anticizalla 70 mm,"candado de bronce anticizalla de 70 mm, con barra de acero endurecido y cromado",,,/Departamento/Cerrajeria/;/Departamento/Cerrajeria/Candados Anticizalla/;/Lineas/Yale/;,7911.75,Candado-Yale-de-bronce-anticizalla-70-mm,0,Cerrajería
0101016280,Candado Yale de bronce anticizalla 80 mm,"candado de bronce anticizalla de 80 mm, con barra de acero endurecido y cromado",,,/Departamento/Cerrajeria/;/Departamento/Cerrajeria/Candados Anticizalla/;/Lineas/Yale/;,9794.4,Candado-Yale-de-bronce-anticizalla-80-mm,106,Cerrajería
0101016290,Candado Yale de bronce anticizalla 90 mm,"candado de bronce anticizalla de 90 mm, con barra de acero endurecido y cromado",,,/Departamento/Cerrajeria/;/Departamento/Cerrajeria/Candados Anticizalla/;/Lineas/Yale/;,12162.15,Candado-Yale-de-bronce-anticizalla-90-mm,483,Cerrajería
0101016370,Candado Yale Marino anticizalla  70 mm,"Candado marino anticizalla 70 mm, con barra de acero endurecido y cromado",,,/Departamento/Cerrajeria/;/Departamento/Cerrajeria/Candados Anticizalla/;/Lineas/Yale/;,13513.5,Candado-Yale-Marino-anticizalla--70-mm,70,Cerrajería
0101561050,Llavin Yale dobel paso 610-50,Llavin doble paso de sobreponer para puertas derechas,,,/Departamento/Llavines/;/Departamento/Llavines/Llavín Doble Paso/;/Lineas/Yale/;,18392,Llavin-Yale-dobel-paso-610-50,2930,Cerrajería
0101561150,Llavin Yale doble paso 611-50,Llavin doble paso de sobreponer para puertas izquierdas,,,/Departamento/Llavines/;/Departamento/Llavines/Llavín Doble Paso/;/Lineas/Yale/;,17182,Llavin-Yale-doble-paso-611-50,1798,Cerrajería
0102067050,Llavin Yale eléctrico 670-50,Llavin electrico de sobreponer para puertas derechas (sin transformador),,,/Departamento/Llavines/;/Departamento/Llavines/Llavín Eléctrico/;/Lineas/Yale/;,38115,Llavin-Yale-eléctrico-670-50,0,Cerrajería
0102067150,Llavin Yale eléctrico 671-50,Llavin electrico de sobreponer para puertas izquierdas (sin transformador),,,/Departamento/Llavines/;/Departamento/Llavines/Llavín Eléctrico/;/Lineas/Yale/;,38115,Llavin-Yale-eléctrico-671-50,0,Cerrajería
0102249020,Cerradura para automóvil Yale 490-20,Cerradura de seguridad para automóvil 490 de 20 mm de giro a la derecha,,,/Departamento/Cerraduras/;/Departamento/Cerraduras/Cerraduras para Automóvil/;/Lineas/Yale/;,5925.15,Cerradura-para-automóvil-Yale-490-20,1464,Cerrajería
0102249025,Cerradura para automóvil Yale 490-25,Cerradura de seguridad para automóvil 490 de 25 mm de giro a la derecha,,,/Departamento/Cerraduras/;/Departamento/Cerraduras/Cerraduras para Automóvil/;/Lineas/Yale/;,6156.15,Cerradura-para-automóvil-Yale-490-25,0,Cerrajería
0102249490,Cerradura para automóvil Yale 49-490-20,Cerradura de seguridad para automóvil 490 de 20 mm de giro a la derecha y con aro,,,/Departamento/Cerraduras/;/Departamento/Cerraduras/Cerraduras para Automóvil/;/Lineas/Yale/;,7738.5,Cerradura-para-automóvil-Yale-49-490-20,0,Cerrajería
0104000396,Llavin Yale 396 1/4 DR,"Llavin  396 1/4 derecho, de pines verticales con rueda",,,/Departamento/Llavines/;/Departamento/Llavines/Llavín de Gancho Pico de Lora/;/Lineas/Yale/;,15246,Llavin-Yale-396-1/4-DR,409,Cerrajería
0104000397,Llavin Yale 396 1/4 DSR,"Llavin  396 1/4 derecho, de pines verticales sin rueda",,,/Departamento/Llavines/;/Departamento/Llavines/Llavín de Gancho Pico de Lora/;/Lineas/Yale/;,15246,Llavin-Yale-396-1/4-DSR,338,Cerrajería
0104001396,Llavin Yale 396 1/4 IR,"Llavin  396 1/4 izquierdo, de pines verticales con rueda",,,/Departamento/Llavines/;/Departamento/Llavines/Llavín de Gancho Pico de Lora/;/Lineas/Yale/;,15246,Llavin-Yale-396-1/4-IR,58,Cerrajería
0104001397,Llavin Yale 396 1/4 ISR,"Llavin  396 1/4 izquierdo, de pines verticales sin rueda",,,/Departamento/Llavines/;/Departamento/Llavines/Llavín de Gancho Pico de Lora/;/Lineas/Yale/;,15246,Llavin-Yale-396-1/4-ISR,251,Cerrajería
0105002022,Cierrapuertas Yale 2022,"Cierrapuertas 2022 múltiple, silver (plateado)",,,/Departamento/Cierra Puertas/;/Departamento/Cierra Puertas/Cierra Puertas/;/Lineas/Yale/;,15246,Cierrapuertas-Yale-2022,0,Cerrajería
0106002096,Cerradura Yale para mueble,Cerradura para mueble serie 9660 HE,,,/Departamento/Cerraduras/;/Departamento/Cerraduras/Cerraduras para Mueble/;/Lineas/Yale/;,2425.5,Cerradura-Yale-para-mueble,822,Cerrajería
0107510203,Cerradura Yale de pomo MY 5102 US3,"Cerradura para interiores 5102 US3 sin llave, acabado dorado",,,/Departamento/Cerraduras/;/Departamento/Cerraduras/Cerraduras de Pomo/;/Lineas/Yale/;,4461.6,Cerradura-Yale-de-pomo-MY-5102-US3,768,Cerrajería
0107510205,Cerradura Yale de pomo MY 5102 US5,"Cerradura para interiores 5102 US5 sin llave, acabado bronce antiguo",,,/Departamento/Cerraduras/;/Departamento/Cerraduras/Cerraduras de Pomo/;/Lineas/Yale/;,4461.6,Cerradura-Yale-de-pomo-MY-5102-US5,2590,Cerrajería
0107510211,Cerradura Yale de pomo MY 5102 US11,"Cerradura para interiores 5102 US11 sin llave, acabado cobre antiguo",,,/Departamento/Cerraduras/;/Departamento/Cerraduras/Cerraduras de Pomo/;/Lineas/Yale/;,4461.6,Cerradura-Yale-de-pomo-MY-5102-US11,902,Cerrajería
0107510235,Cerradura Yale de pomo MY 5102 US32D,"Cerradura para interiores 5102 US32D sin llave, acabado acero inóxidable.",,,/Departamento/Cerraduras/;/Departamento/Cerraduras/Cerraduras de Pomo/;/Lineas/Yale/;,4461.6,Cerradura-Yale-de-pomo-MY-5102-US32D,395,Cerrajería
0107510703,Cerradura Yale de pomo MY 5107 US3,"Cerradura para interiores 5107 US3 con llave, acabado dorado.",,,/Departamento/Cerraduras/;/Departamento/Cerraduras/Cerraduras de Pomo/;/Lineas/Yale/;,4917.9,Cerradura-Yale-de-pomo-MY-5107-US3,0,Cerrajería
0107510705,Cerradura Yale de pomo MY 5107 US5,"Cerradura para interiores 5107 US5 con llave, acabado bronce antiguo.",,,/Departamento/Cerraduras/;/Departamento/Cerraduras/Cerraduras de Pomo/;/Lineas/Yale/;,4917.9,Cerradura-Yale-de-pomo-MY-5107-US5,1696,Cerrajería
0107510711,Cerradura Yale de pomo MY 5107 US11,"Cerradura para interiores 5107 US11 con llave, acabado cobre antiguo.",,,/Departamento/Cerraduras/;/Departamento/Cerraduras/Cerraduras de Pomo/;/Lineas/Yale/;,4917.9,Cerradura-Yale-de-pomo-MY-5107-US11,705,Cerrajería
0107510735,Cerradura Yale de pomo MY 5107 US32D,"Cerradura para interiores 5107 US32D con llave, acabado acero inoxidable.",,,/Departamento/Cerraduras/;/Departamento/Cerraduras/Cerraduras de Pomo/;/Lineas/Yale/;,4917.9,Cerradura-Yale-de-pomo-MY-5107-US32D,0,Cerrajería
0108082111,Cerradura Yale Auxiliar 8011 US11,Cerradura auxiliar 8011 cobre antiguo llave/mariposa,,,/Departamento/Cerraduras/;/Departamento/Cerraduras/Cerraduras Auxiliares/;/Lineas/Yale/;,3465,Cerradura-Yale-Auxiliar-8011-US11,0,Cerrajería
0108082112,Cerradura Yale auxiliar 8011 US32D,"Cerradura auxiliar 8011, llave/mariposa acabado acero inóxidable",,,/Departamento/Cerraduras/;/Departamento/Cerraduras/Cerraduras Auxiliares/;/Lineas/Yale/;,3465,Cerradura-Yale-auxiliar-8011-US32D,0,Cerrajería
0108082113,Cerradura Yale auxiliar 8011 US3,Cerradura auxiliar 8011 llave/mariposa acabado dorado,,,/Departamento/Cerraduras/;/Departamento/Cerraduras/Cerraduras Auxiliares/;/Lineas/Yale/;,3465,Cerradura-Yale-auxiliar-8011-US3,0,Cerrajería
0108082115,Cerradura Yale auxiliar 8011 US5,Cerradura auxiliar 8011 llave/mariposa acabado bronce antiguo,,,/Departamento/Cerraduras/;/Departamento/Cerraduras/Cerraduras Auxiliares/;/Lineas/Yale/;,3465,Cerradura-Yale-auxiliar-8011-US5,0,Cerrajería
0108082211,Cerradura Yale auxiliar 8021 US11,Cerradura auxiliar 8011 llave/llave acabado cobre antigüo,,,/Departamento/Cerraduras/;/Departamento/Cerraduras/Cerraduras Auxiliares/;/Lineas/Yale/;,4620,Cerradura-Yale-auxiliar-8021-US11,0,Cerrajería
0108082212,Cerradura Yale auxiliar 8021 US32D,Cerradura auxiliar 8011 llave/llave acabado acero inóxidable,,,/Departamento/Cerraduras/;/Departamento/Cerraduras/Cerraduras Auxiliares/;/Lineas/Yale/;,4620,Cerradura-Yale-auxiliar-8021-US32D,17,Cerrajería
0108082213,Cerradura Yale auxiliar 8021 US3,Cerradura auxiliar 8011 llave/llave acabado dorado,,,/Departamento/Cerraduras/;/Departamento/Cerraduras/Cerraduras Auxiliares/;/Lineas/Yale/;,4620,Cerradura-Yale-auxiliar-8021-US3,86,Cerrajería
0108082215,Cerradura Yale auxiliar 8021 US5,Cerradura auxiliar 8011 llave/llave acabado bronce antiguo,,,/Departamento/Cerraduras/;/Departamento/Cerraduras/Cerraduras Auxiliares/;/Lineas/Yale/;,4620,Cerradura-Yale-auxiliar-8021-US5,0,Cerrajería
0109070703,Cerradura Yale de Puerta Principal 70710 US3,Cerradura puerta principal 70710 con pomo  acabado dorado ,,,/Departamento/Cerraduras/;/Departamento/Cerraduras/Cerraduras para Puerta Principal/;/Lineas/Yale/;,25410,Cerradura-Yale-de-Puerta-Principal-70710-US3,64,Cerrajería
0109070705,Cerradura Yale de Puerta Principal 70710 US5,Cerradura puerta principal 70710 con pomo  acabado bronce antiguo,,,/Departamento/Cerraduras/;/Departamento/Cerraduras/Cerraduras para Puerta Principal/;/Lineas/Yale/;,25410,Cerradura-Yale-de-Puerta-Principal-70710-US5,64,Cerrajería
0109070711,Cerradura Yale de Puerta Principal 70710 US11,Cerradura puerta principal 70710 con pomo  acabado cobre antigüo,,,/Departamento/Cerraduras/;/Departamento/Cerraduras/Cerraduras para Puerta Principal/;/Lineas/Yale/;,25410,Cerradura-Yale-de-Puerta-Principal-70710-US11,8,Cerrajería
0109070726,Cerradura Yale de Puerta Principal 70710 US26D,Cerradura puerta principal 70710 con pomo  acabado acero inóxidable,,,/Departamento/Cerraduras/;/Departamento/Cerraduras/Cerraduras para Puerta Principal/;/Lineas/Yale/;,25410,Cerradura-Yale-de-Puerta-Principal-70710-US26D,76,Cerrajería
0109070763,Cerradura Yale de puerta principal 70710-6400L US3,Cerradura para puerta principal con manija en acabado dorado serie 70710 6400L,,,/Departamento/Cerraduras/;/Departamento/Cerraduras/Cerraduras para Puerta Principal/;/Lineas/Yale/;,26565,Cerradura-Yale-de-puerta-principal-70710-6400L-US3,0,Cerrajería
0109070765,Cerradura Yale de puerta principal 70710-6400L US5,Cerradura para puerta principal con manija en acabado bronce antiguo serie 70710 6400L,,,/Departamento/Cerraduras/;/Departamento/Cerraduras/Cerraduras para Puerta Principal/;/Lineas/Yale/;,26565,Cerradura-Yale-de-puerta-principal-70710-6400L-US5,49,Cerrajería
0109070766,Cerradura Yale de puerta principal 70710-6400L US26D,Cerradura para puerta principal con manija en acabado acero inóxidable serie 70710 6400L,,,/Departamento/Cerraduras/;/Departamento/Cerraduras/Cerraduras para Puerta Principal/;/Lineas/Yale/;,26565,Cerradura-Yale-de-puerta-principal-70710-6400L-US26D,0,Cerrajería
0109070768,Cerradura Yale de puerta principal 70710-6400L US11,Cerradura para puerta principal con manija en acabado cobre antiguo serie 70710 6400L,,,/Departamento/Cerraduras/;/Departamento/Cerraduras/Cerraduras para Puerta Principal/;/Lineas/Yale/;,26565,Cerradura-Yale-de-puerta-principal-70710-6400L-US11,33,Cerrajería
0112033500,Llavin Cedex 3 Pasadores Derecho ,Llavín  de 3 pines horizontales derecho serie 3350,,,/Departamento/Llavines/;/Departamento/Llavines/Llavín 3 Pasadores/;/Lineas/Cedex/;,7969.5,Llavin-Cedex-3-Pasadores-Derecho-,223,Cerrajería
0112033501,Llavin Cedex 3 Pasadores Izquierdo,Llavín  de 3 pines horizontales izquierdo serie 3350,,,/Departamento/Llavines/;/Departamento/Llavines/Llavín 3 Pasadores/;/Lineas/Cedex/;,7969.5,Llavin-Cedex-3-Pasadores-Izquierdo,164,Cerrajería
0120293063,Llavin Vera Doble Paso Izquierdo ,Llavin de Parche Llavín Vera doble paso izquierdo serie VF 6,,,/Departamento/Llavines/;/Departamento/Llavines/Llavín Doble Paso/;/Lineas/Vera/;,7161,Llavin-Vera-Doble-Paso-Izquierdo-,0,Cerrajería
0120293065,Llavin Vera Doble Paso Derecho,Llavin de Parche Llavín Vera doble paso derecho serie VF 6,,,/Departamento/Llavines/;/Departamento/Llavines/Llavín Doble Paso/;/Lineas/Vera/;,7161,Llavin-Vera-Doble-Paso-Derecho,0,Cerrajería
1855001018,Hoja de segueta B-Metal,Hoja de segueta marca B-Metal de 18 dientes bi metal ,,,/Departamento/Productos Ferreteros/;/Departamento/Productos Ferreteros/Seguetas y Marcos/;/Linea/Bmetal/;,435.49,Hoja-de-segueta-B-Metal,21693
1856002000,Marco para segueta B-Metal,Marco para segueta B-Metal ,,,/Departamento/Productos Ferreteros/;/Departamento/Productos Ferreteros/Seguetas y Marcos/;/Linea/Bmetal/;,2260.13,Marco-para-segueta-B-Metal,0
1951005016,Alambre Negro para Construccion,"Alambre negro para construccion suave, 1/16 mm, empecado en rollos de 50 Kg cubierto con forro de Yute",,,/Departamento/Productos Ferreteros/;/Departamento/Productos Ferreteros/Alambre Negro/;,737,Alambre-Negro-para-Construccion,0,Ferretería
1960250025,Clavo Corriente 1¨,"Clavos con cabeza redonda, especial para la construccion, empacado en cajas de 25 Kg.",,,/Departamento/Productos Ferreteros/;/Departamento/Productos Ferreteros/Clavos/;,"19,18",Clavo-Corriente-1¨,0,Ferretería
1960250050,Clavo Corriente 2¨,"Clavos con cabeza redonda, especial para la construccion, empacado en cajas de 25 Kg.",,,/Departamento/Productos Ferreteros/;/Departamento/Productos Ferreteros/Clavos/;,"20,28",Clavo-Corriente-2¨,41,Ferretería
1960250065,Clavo Corriente 2 1/2 ¨,"Clavos con cabeza redonda, especial para la construccion, empacado en cajas de 25 Kg.",,,/Departamento/Productos Ferreteros/;/Departamento/Productos Ferreteros/Clavos/;,"20,28",Clavo-Corriente-2-1/2-¨,194,Ferretería
1960250075,Clavo Corriente 3 ¨,"Clavos con cabeza redonda, especial para la construccion, empacado en cajas de 25 Kg.",,,/Departamento/Productos Ferreteros/;/Departamento/Productos Ferreteros/Clavos/;,"15,24",Clavo-Corriente-3-¨,0,Ferretería
1960250100,Clavo Corriente 4 ¨,"Clavos con cabeza redonda, especial para la construccion, empacado en cajas de 25 Kg.",,,/Departamento/Productos Ferreteros/;/Departamento/Productos Ferreteros/Clavos/;,15.24,Clavo-Corriente-4-¨,0,Ferretería
2007510020,Anteojo para proteccion. ,Anteojo de gran protección y calidad,,,/Departamento/Artículos de Seguridad/;/Departamento/Artículos de Seguridad/Anteojos/;,"473,55",Anteojo-para-proteccion.-,171,Ferretería
2007510030,Anteojo para esmerilar.,Anteojo para esmerilar de gran protección a muy buen precio,,,/Departamento/Artículos de Seguridad/;/Departamento/Artículos de Seguridad/Anteojos/;,"326,87",Anteojo-para-esmerilar.,230,Ferretería
2007510041,Careta para jardin con malla.,Mascara de protección con gran ventilación,,,,"4220,37",Careta-para-jardin-con-malla.,1326,Ferretería
2007510115,Anteojo para soldar recto.,Anteojo para soldar recto de alta protección,,,/Departamento/Artículos de Seguridad/;/Departamento/Artículos de Seguridad/Anteojos/;,"1092,63",Anteojo-para-soldar-recto.,2,Ferretería
2007510120,Anteojo para soldar redondo. ,Anteojo para soldar de gran protección,,,/Departamento/Artículos de Seguridad/;/Departamento/Artículos de Seguridad/Anteojos/;,"860,48",Anteojo-para-soldar-redondo.-,13,Ferretería